video_id,published,duration_sec,views,export_module,is_export_related,topics,title,url
7qJEhWS7iM4,2026-08-02,1057,446,M15 무역금융/지원,Y,통관일반/관세|원산지/FTA|무역금융/지원|자격증/시험,유튜브 매출만으로 정부 정책자금 대출가능 | 수출실적과 무역금융,https://www.youtube.com/watch?v=7qJEhWS7iM4
Qw-i_nDc53Y,2026-07-03,663,2151,,N,통관일반/관세|원산지/FTA|운송/B/L/포워딩|자격증/시험|취업/커리어,SCM 직무와 필요한 자격증 설명 |  CPIM | 물류관리사 | 유통관리사 | ERP,https://www.youtube.com/watch?v=Qw-i_nDc53Y
DrJQGMsIeCw,2026-06-05,2068,1758,,N,기초/용어|통관일반/관세|원산지/FTA|운송/B/L/포워딩|자격증/시험|취업/커리어,"SCM 취업필수 | MRP, ERP, JIT | 물류관리사 기초용어 | 생산관리부터 SCM까지 30분 총정리",https://www.youtube.com/watch?v=DrJQGMsIeCw
Em1b0sV485c,2026-05-13,728,399,,N,통관일반/관세|원산지/FTA|개인/여행/직구|자격증/시험,해외여행 쇼핑 면세한도 | 신고안하다 걸리면 발생하는 일,https://www.youtube.com/watch?v=Em1b0sV485c
JgmAAoQ6mYc,2026-04-22,334,1680,,N,통관일반/관세|원산지/FTA|운송/B/L/포워딩|자격증/시험,"물류관리사, 스마트해상물류관리사, ERP물류관리사. 어떤 물류관리사가 진짜 물류관리사?",https://www.youtube.com/watch?v=JgmAAoQ6mYc
zmnqO96Ue8A,2026-04-06,751,2448,,N,통관일반/관세|자격증/시험|취업/커리어,관세사 시험 직장인도 병행가능 할까요? 40대 이상도 취업 되나요?,https://www.youtube.com/watch?v=zmnqO96Ue8A
TFZgNovq5G0,2026-03-13,1668,4162,,N,통관일반/관세|원산지/FTA|자격증/시험,관세사 시험의 모든 것! 1년만에 합격하는 동차 공부방법,https://www.youtube.com/watch?v=TFZgNovq5G0
101J24hzkQ4,2026-03-02,692,571,,N,통관일반/관세|원산지/FTA|특수무역형태|개인/여행/직구|자격증/시험,해외직구 체크카드로 결제하면 안되는 이유,https://www.youtube.com/watch?v=101J24hzkQ4
dHdnWw281jY,2026-02-10,1274,5555,,N,통관일반/관세|원산지/FTA|운송/B/L/포워딩|결제/신용장/외환|자격증/시험|취업/커리어,무역회사 취업 필수로 취득해야 하는 무역 7대 자격증(국제무역사부터 스마트해상물류관리사까지),https://www.youtube.com/watch?v=dHdnWw281jY
ZRh4Voc23Zk,2026-01-25,906,1189,,N,통관일반/관세|원산지/FTA|개인/여행/직구|자격증/시험,"명품가방도 반값, 양주도 반값. 세관공매 이론과 실무",https://www.youtube.com/watch?v=ZRh4Voc23Zk
L7AhX8ibLPg,2026-01-06,1216,7114,,N,통관일반/관세|원산지/FTA|자격증/시험,2026년 국제무역사 시험 공부방법 | 준비기간 | 난이도 | 영어못해도 가능? | 무역영어 시험과 비교,https://www.youtube.com/watch?v=L7AhX8ibLPg
sUmgLkWt4pU,2025-12-23,60,3993,,N,통관일반/관세|원산지/FTA|자격증/시험,관세사 영어를 못해도 되나요?,https://www.youtube.com/watch?v=sUmgLkWt4pU
L9WUThci2tQ,2025-12-18,1116,2841,,N,통관일반/관세|원산지/FTA|운송/B/L/포워딩|결제/신용장/외환|자격증/시험|취업/커리어,2025년 무역자격증 시험 24번 응시. 국제무역사부터 스마트해상물류관리사까지 모든 자격증 난이도와 수험기간 분석,https://www.youtube.com/watch?v=L9WUThci2tQ
jvRo5I9vazU,2025-12-07,774,807,,N,통관일반/관세|원산지/FTA|자격증/시험,"2025년 개편 CDCS 공부방법, 난이도, 시험범위 등 자주 묻는 질문(FAQ) 총정리",https://www.youtube.com/watch?v=jvRo5I9vazU
drca4Sr10_8,2025-11-22,1267,1297,,N,통관일반/관세|원산지/FTA|자격증/시험,영국 최고무역자격증 CDCS 2025년 전면개편. 응시료 730파운드(약 140만원) 내고 직접 응시한 후기,https://www.youtube.com/watch?v=drca4Sr10_8
XYYrGK16ygQ,2025-10-26,461,2514,M10 운송/물류/B/L,Y,운송/B/L/포워딩|보험|자격증/시험,이거 알면 진짜 무역고수 인정. 해상보험 대위권과 포워더의 역할,https://www.youtube.com/watch?v=XYYrGK16ygQ
dK3J18Sz8OQ,2025-10-04,1119,1387,,N,보험|자격증/시험,휴대폰 분실 보험처리 후 다시 찾으면 그냥 사용해도 되나요? [해상보험 이론과 실무],https://www.youtube.com/watch?v=dK3J18Sz8OQ
UIkg-SmO_Ys,2025-09-11,840,3656,,N,통관일반/관세|운송/B/L/포워딩|자격증/시험|취업/커리어,포워더 취업하는데 필수적인 능력은 무엇일까요? | 영어 | 제2외국어 | 자격증 | 영업능력 | 취준생이 원하는 질문만 모았습니다,https://www.youtube.com/watch?v=UIkg-SmO_Ys
o8tQQnzgAdA,2025-09-07,168,4276,,N,통관일반/관세|자격증/시험,4캔 만원 수입맥주가 사라진 이유. 국산맥주와의 차별 때문이라고?,https://www.youtube.com/watch?v=o8tQQnzgAdA
5Wo6q73HfZM,2025-08-20,1001,1632,M09 원산지/FTA,Y,통관일반/관세|원산지/FTA|자격증/시험|취업/커리어,"[취업면접 필수상식] 미국 상호관세, 보편관세, 품목관세까지 총정리. 그리고 협상결과와 우리나라의 입장은?",https://www.youtube.com/watch?v=5Wo6q73HfZM
XNWToidaUAo,2025-07-29,935,9158,,N,통관일반/관세|운송/B/L/포워딩|자격증/시험|취업/커리어,"대기업 포워딩부터, 작은 포워딩, 그리고 개업까지. 산전수전 다 겪은 포워더 19년차가 말합니다. 포워더의 업무, 신입사원이 탈주하는 이유, 경력 포워더의 몸값이 오르는 이유",https://www.youtube.com/watch?v=XNWToidaUAo
PeF6KvaLYoQ,2025-07-17,364,777,M09 원산지/FTA,Y,통관일반/관세|원산지/FTA|자격증/시험,이걸 아직도 관세사에게 물어보시나요? 상대국가 관세율 조회방법 및 FTA 협정문 확인 방법. 1분이면 충분합니다.,https://www.youtube.com/watch?v=PeF6KvaLYoQ
fWeXQCR59uA,2025-07-08,60,3191,,N,통관일반/관세|결제/신용장/외환|자격증/시험,100만원이 넘는 국제무역시험 CDCS. 응시료는 계속 오르고 환율도 오르고.,https://www.youtube.com/watch?v=fWeXQCR59uA
diH6WZeHw_Y,2025-06-29,59,2556,,N,통관일반/관세|결제/신용장/외환|분쟁/사기/중재|자격증/시험,"항소, 상소, 상고, 항고. 자주나오지만 헷갈리는 표현들",https://www.youtube.com/watch?v=diH6WZeHw_Y
kQUIz8jamFc,2025-06-21,1157,995,M09 원산지/FTA,Y,통관일반/관세|원산지/FTA|자격증/시험,관세 0%라고 해서 수입했는데 억단위 세금을 내라고 합니다. FTA관세법 번역오류에 대해 누가 책임을 질까요?,https://www.youtube.com/watch?v=kQUIz8jamFc
9jCQxMO1zN0,2025-06-16,60,9546,,N,통관일반/관세|결제/신용장/외환|세무/노무/기타|자격증/시험,"해외송금 관세청은 괜찮다고 했는데, 국세청한테는 조사받는 이유",https://www.youtube.com/watch?v=9jCQxMO1zN0
oyCOatqBTV8,2025-06-10,58,2568,M10 운송/물류/B/L,Y,통관일반/관세|운송/B/L/포워딩|결제/신용장/외환|자격증/시험,실무에서는 항상 발생하는 B/L surrender. 그런데 surrender가 안되는 나라들은 어떻게 해야 하나요,https://www.youtube.com/watch?v=oyCOatqBTV8
Wg6rJ2Yx6rM,2025-05-31,1481,2240,,N,통관일반/관세|자격증/시험|취업/커리어,"외국어를 전공하고 무역회사를 원한다면, 게임회사가 최고의 선택입니다. 3N 해외사업부 츌신 팀장님 취업꿀팁 대방출",https://www.youtube.com/watch?v=Wg6rJ2Yx6rM
aKqzjZav7pE,2025-05-27,59,3289,M10 운송/물류/B/L,Y,기초/용어|통관일반/관세|운송/B/L/포워딩|결제/신용장/외환|자격증/시험,"Master B/L, House B/L 송하인, 수하인 구분하기. 실화주는 누구일까요",https://www.youtube.com/watch?v=aKqzjZav7pE
58I0MZmfS_I,2025-05-22,60,6023,,N,통관일반/관세|결제/신용장/외환|자격증/시험,해외출국할 때 이거 신고안하면 외국환거래법 위반으로 과태료,https://www.youtube.com/watch?v=58I0MZmfS_I
rEIcnycoWbs,2025-05-08,1750,4274,M12 결제/신용장/외환,Y,통관일반/관세|결제/신용장/외환|자격증/시험,위반하면 경고없이 처벌되는 외국환거래법. 딱 4개의 신고대상만 알면 안심할 수 있습니다.,https://www.youtube.com/watch?v=rEIcnycoWbs
tn0dTDvP1Is,2025-04-08,558,6536,,N,통관일반/관세|자격증/시험,무역영어 1년 동안 12번 전부 응시. 리얼 합격 공부방법,https://www.youtube.com/watch?v=tn0dTDvP1Is
NX4HJeuoYck,2025-03-29,542,6355,,N,통관일반/관세|원산지/FTA|운송/B/L/포워딩|결제/신용장/외환|자격증/시험,"물류관리사(국가자격), 무역영어(공인자격), 국제무역사(민간자격). 무역자격증 정확히 알고 취득하기",https://www.youtube.com/watch?v=NX4HJeuoYck
1_UeL4SAE8k,2025-03-14,436,1347,,N,통관일반/관세|분쟁/사기/중재|자격증/시험,세관의 관대한 의사표시 통고처분 #관세법  #세관조사 #관세사,https://www.youtube.com/watch?v=1_UeL4SAE8k
V2vwXrS7xc4,2025-02-25,1275,12071,,N,통관일반/관세|자격증/시험|취업/커리어,"최고의 무역자격증 관세사 시험. 최단기 수험기간, 동차합격 공부방법까지",https://www.youtube.com/watch?v=V2vwXrS7xc4
tC6eB2c9t3U,2025-02-05,244,3635,M10 운송/물류/B/L,Y,통관일반/관세|운송/B/L/포워딩|자격증/시험,이거 알면 무역고수 인정합니다. 선하증권의 이 표기가 의미하는 것은?,https://www.youtube.com/watch?v=tC6eB2c9t3U
Zgn6iZMgsKM,2025-01-20,1088,7331,,N,통관일반/관세|원산지/FTA|운송/B/L/포워딩|결제/신용장/외환|자격증/시험,무역 7대 자격증 영상 하나로 정리합니다. 일정이 겹치는 시험도 정리! #국제무역사 #무역영어 #외환전문역,https://www.youtube.com/watch?v=Zgn6iZMgsKM
PW1O55cDJ78,2025-01-02,921,3551,,N,통관일반/관세|결제/신용장/외환|자격증/시험|취업/커리어,"국제무역자격증 끝판왕 CDCS를 소개합니다. 국제무역사, 무역영어만으로는 부족한 분들에게!",https://www.youtube.com/watch?v=PW1O55cDJ78
Zqe0TmAq7ys,2024-12-18,606,9399,M10 운송/물류/B/L,Y,수출통관/신고|수입통관/신고|통관일반/관세|운송/B/L/포워딩|자격증/시험,"포워딩 수출입실무. B/L과 surrender, D/O 발행까지",https://www.youtube.com/watch?v=Zqe0TmAq7ys
UyrKJNH-z8k,2024-11-28,1014,1238,M03 계약/분쟁/사기,Y,분쟁/사기/중재|자격증/시험,[중재 이론과 실무] 디즈니플러스 가입하고 디즈니월드가서 밥먹으면 발생하는 일.,https://www.youtube.com/watch?v=UyrKJNH-z8k
QuJohvB0uNU,2024-11-11,977,2648,M10 운송/물류/B/L,Y,통관일반/관세|운송/B/L/포워딩,포워딩 물류실무. 컨테이너총중량을 신고하는 VGM이 무엇인가요?,https://www.youtube.com/watch?v=QuJohvB0uNU
IBw7e11FhLk,2024-10-29,896,8024,,N,통관일반/관세|세무/노무/기타,법정의무교육(특히 산업안전보건교육)  안받아도 됩니다. 광고전화 지긋지긋,https://www.youtube.com/watch?v=IBw7e11FhLk
zdwigj58eKo,2024-10-21,132,2322,,N,통관일반/관세|결제/신용장/외환|자격증/시험|취업/커리어,한순간에 마감되는 무역영어 접수 성공하는 꿀팁  #무꿈사아카데미 #무역영어 #정재환관세사,https://www.youtube.com/watch?v=zdwigj58eKo
PTj5XOMHMHA,2024-10-17,135,8632,,N,통관일반/관세|결제/신용장/외환|자격증/시험|취업/커리어,한달만에 무역자격증 5개 취득하기  #무꿈사  #국제무역사#무역영어  #정재환관세사,https://www.youtube.com/watch?v=PTj5XOMHMHA
Hm2W-fkbGG4,2024-10-06,58,3990,,N,통관일반/관세|결제/신용장/외환|자격증/시험|취업/커리어,무역영어 시험 말장난 문제  #무꿈사 #무역 #국제무역사#무역영어  #정재환관세사,https://www.youtube.com/watch?v=Hm2W-fkbGG4
8_Op77PccNQ,2024-09-28,1055,9105,,N,통관일반/관세|자격증/시험,국제무역사 최단기 합격을 위한 모든 정보. 무역영어와의 차이점은? 영어실력은? 공부는 얼마나 해야하나요?,https://www.youtube.com/watch?v=8_Op77PccNQ
88McbHjF1nw,2024-09-22,762,6346,,N,통관일반/관세|자격증/시험,대구의 자랑. 40기 관세사 수석합격자 백지은님의 수석을 위한 특별한 공부방법을 공개합니다.,https://www.youtube.com/watch?v=88McbHjF1nw
DAiXnKGOAks,2024-09-19,53,5013,,N,통관일반/관세|운송/B/L/포워딩|결제/신용장/외환|자격증/시험|취업/커리어,한진해운 사태. 그리고 해운동맹과 현대상선 #무꿈사 #무역 #정재환관세사,https://www.youtube.com/watch?v=DAiXnKGOAks
SV4oNISiysM,2024-09-15,57,3078,M07 수입통관/수입신고,Y,수입통관/신고|통관일반/관세|결제/신용장/외환|무역서류|자격증/시험|취업/커리어,수입신고를 시작할 수 있는 시점,https://www.youtube.com/watch?v=SV4oNISiysM
MWZOe25v4_0,2024-09-09,256,664,,N,통관일반/관세|원산지/FTA,외국선박이 우리나라에서 불법조업한 수산물. 한국산일까요? 관세 납부할까요? #무꿈사 #무역 #정재환관세사,https://www.youtube.com/watch?v=MWZOe25v4_0
ab_2gI4eCck,2024-08-31,60,5268,M12 결제/신용장/외환,Y,통관일반/관세|결제/신용장/외환|자격증/시험|취업/커리어,무역회사에서 신용장을 사용하는 이유 #무역회사 #신용장 #무역실무,https://www.youtube.com/watch?v=ab_2gI4eCck
If855UbjOdg,2024-08-22,1049,1939,,N,통관일반/관세|자격증/시험,"관세사 최종합격까지 2년, 그리고 3년. 정석으로 합격할 수 있었던 비결은 바로. 2023년 40기 2유예, 3동차  합격자 인터뷰",https://www.youtube.com/watch?v=If855UbjOdg
ceVuT-MNaUk,2024-08-05,711,13166,M10 운송/물류/B/L,Y,통관일반/관세|운송/B/L/포워딩|무역서류|취업/커리어,포워딩 실무. 물류 기본용어. 포워더가 하는 일 정리,https://www.youtube.com/watch?v=ceVuT-MNaUk
Rqu2BTxU5e8,2024-08-02,60,12411,,N,통관일반/관세|자격증/시험|취업/커리어,"관세사 한방에 1차, 2차 합격 동차생의 공부방법",https://www.youtube.com/watch?v=Rqu2BTxU5e8
JjqNOllfQCc,2024-07-22,1162,25799,,N,통관일반/관세|자격증/시험,(2024년) 개정된 무역영어 최단기 합격방법 공개. 5월에만 시험 4번 보고 왔습니다.,https://www.youtube.com/watch?v=JjqNOllfQCc
m3V2t_qn3CI,2024-07-10,48,5008,M09 원산지/FTA,Y,원산지/FTA|자격증/시험|취업/커리어,우리 엄마가 만든 김치의 원산지는 어디일까요? #김치 #원산지표시,https://www.youtube.com/watch?v=m3V2t_qn3CI
WnYy0EsXXN4,2024-07-07,60,4307,M10 운송/물류/B/L,Y,운송/B/L/포워딩|자격증/시험|취업/커리어,무역거래에서 B/L을 surrender 하는 이유. SWB(Sea Waybill) 차이점,https://www.youtube.com/watch?v=WnYy0EsXXN4
rycStFRYDtI,2024-07-01,437,2149,M09 원산지/FTA,Y,통관일반/관세|원산지/FTA,국산과 국내산은 정말로 다른 원산지인가요?,https://www.youtube.com/watch?v=rycStFRYDtI
PQ024LKb0pM,2024-06-16,1038,3433,,N,자격증/시험,"40기 관세사, 2동차와 3동차로 최종합격 했습니다",https://www.youtube.com/watch?v=PQ024LKb0pM
4f73esWPdek,2024-06-14,58,3013,,N,자격증/시험|취업/커리어,관세사 최단기 동차합격생의 멘탈관리법,https://www.youtube.com/watch?v=4f73esWPdek
-fuydL0Rw6c,2024-06-09,56,19591,,N,운송/B/L/포워딩|자격증/시험|취업/커리어,[취업경제상식] 전세계 선사 1위부터 10위까지,https://www.youtube.com/watch?v=-fuydL0Rw6c
PHYOrRt7Ljk,2024-06-06,706,3592,,N,운송/B/L/포워딩|무역서류|취업/커리어,"[국제통상, 면접대비] 전세계 10대선사. 현대상선, 한진해운 해운동맹 퇴출과 가입. 2탄 : 해운동맹 실무편",https://www.youtube.com/watch?v=PHYOrRt7Ljk
AvvuFZxpBns,2024-06-02,60,426973,M09 원산지/FTA,Y,원산지/FTA|자격증/시험|취업/커리어,아르헨티나에서 태어났는데 한국 소가 될 수 있다고? 원산지결정기준의 이해,https://www.youtube.com/watch?v=AvvuFZxpBns
lypqUJ9-6Qc,2024-05-31,60,2224,,N,운송/B/L/포워딩|자격증/시험|취업/커리어,해운동맹 싸움닭 투쟁선이 무엇일까요,https://www.youtube.com/watch?v=lypqUJ9-6Qc
sguLP1XDf10,2024-05-29,554,3086,,N,운송/B/L/포워딩|무역서류|취업/커리어,"[국제통상, 면접대비] 한진해운 파산으로 이어진 해운동맹이 도대체 무엇인지 그 이론과 실무를 정리합니다. 1탄 : 해운동맹 이론편",https://www.youtube.com/watch?v=sguLP1XDf10
2UwX8Nwzre4,2024-05-28,60,10660,,N,자격증/시험|취업/커리어,4번째 무역영어 시험. 최고득점 합격! 시험을 보다보면 점수가 오릅니다,https://www.youtube.com/watch?v=2UwX8Nwzre4
FPvZjkqZmfk,2024-05-23,54,2868,M10 운송/물류/B/L,Y,운송/B/L/포워딩|무역서류|자격증/시험,"[수출입, 무역실무] 육상운송은 자신 없습니다",https://www.youtube.com/watch?v=FPvZjkqZmfk
vn5ubO5Di4M,2024-05-22,57,11102,,N,자격증/시험|취업/커리어,무역영어 문제 찍어드립니다. 국무사 개정도 챙겨드립니다,https://www.youtube.com/watch?v=vn5ubO5Di4M
KCmox3ZE9mU,2024-05-18,60,7944,,N,운송/B/L/포워딩|자격증/시험|취업/커리어,무역영어 시험 반드시 한 문제 맞추기. 선하증권 추정적 증거? 더 이상 헷갈릴 필요 없습니다,https://www.youtube.com/watch?v=KCmox3ZE9mU
CkdItsbWe3A,2024-05-17,56,4952,,N,자격증/시험|취업/커리어,무역영어 시험 반드시 한 문제 맞추기. 최혜국대우(MFN) VS 내국민대우(NT),https://www.youtube.com/watch?v=CkdItsbWe3A
TX8wscMZOeA,2024-05-16,785,8647,,N,자격증/시험,관세사 1차 시험과 2차 시험을 한번에 합격한 생동차 40기 합격수기,https://www.youtube.com/watch?v=TX8wscMZOeA
sEbqBPEPuIw,2024-05-12,60,22175,,N,자격증/시험|취업/커리어,무역영어 시험 또 보고 왔습니다. N번째 응시 중. 2024년 5월 2번째 무역영어 시험 리얼 후기,https://www.youtube.com/watch?v=sEbqBPEPuIw
7c8hBer42So,2024-05-05,60,9449,,N,자격증/시험|취업/커리어,2024년 무역영어 리얼 후기. 결국 정답은 기출문제 분석입니다,https://www.youtube.com/watch?v=7c8hBer42So
Fvzt5uvhdGk,2024-05-04,983,9381,M04 무역서류,Y,수입통관/신고|통관일반/관세|운송/B/L/포워딩|무역서류|자격증/시험,"[수출입, 무역실무] 무역에 등장하는 모든 무역서류. 2부 수입서류편",https://www.youtube.com/watch?v=Fvzt5uvhdGk
oobA7x5DrSo,2024-04-17,2110,30957,M04 무역서류,Y,수출통관/신고|운송/B/L/포워딩|보험|결제/신용장/외환|무역서류|자격증/시험,"[수출입, 무역실무] 무역에 등장하는 모든 무역서류. 1부 수출서류편",https://www.youtube.com/watch?v=oobA7x5DrSo
b5buXJP6oN8,2024-03-27,849,9531,,N,자격증/시험,관세사시험 최단기 합격자 VS 장수 합격자 인터뷰 대공개,https://www.youtube.com/watch?v=b5buXJP6oN8
T9EwpSKnzO8,2024-03-07,650,6470,M07 수입통관/수입신고,Y,수입통관/신고|통관일반/관세|원산지/FTA|운송/B/L/포워딩|무역서류|개인/여행/직구,"수입이 처음이신가요? 이 영상하나로 누구나 수입업무를 할 수 있게 됩니다. 왕초보무역실무, 왕초보수입실무",https://www.youtube.com/watch?v=T9EwpSKnzO8
uAMLwqlvdx8,2024-02-25,490,2528,,N,특수무역형태|개인/여행/직구,중국 해외직구. 알리익스프레스. 한국보다 4배가 싸다. 이게 어떻게 가능할까?,https://www.youtube.com/watch?v=uAMLwqlvdx8
VpQ1S3oKZbk,2024-02-23,55,8435,,N,자격증/시험,"40회 관세사 최고령 합격자 조혜영님. 40대, 50대 늦은 나이에 시작하는 모두에게 전하는 메시지",https://www.youtube.com/watch?v=VpQ1S3oKZbk
edXMPMYxvM8,2024-02-21,59,38261,,N,운송/B/L/포워딩|취업/커리어,현대상선은 어디가고 HMM은 국적선사가 되었나요? 면접필수 선사이야기,https://www.youtube.com/watch?v=edXMPMYxvM8
T2_mY_rnTl4,2024-02-04,1219,0,,N,운송/B/L/포워딩|취업/커리어,[회원전용 재업로드] 하림그룹이 팬오션을 인수한 이유. HMM을 하림그룹이 인수하려고 한 이유.한진해운과 현대상선은 어디에? 면접에서 자주 물어보는 선사이야기,https://www.youtube.com/watch?v=T2_mY_rnTl4
p7MQHTDScfA,2024-01-23,1094,24401,,N,결제/신용장/외환|특수무역형태|개인/여행/직구,"해외직구, 알리익스프레스. 원화결제, 달러결제, 카카오페이결제. 수수료 포함 최종결제금액이 얼마나 차이나는지 비교해보겠습니다",https://www.youtube.com/watch?v=p7MQHTDScfA
P6Ma3wfKp3w,2024-01-11,695,994,,N,통관일반/관세|특수무역형태|개인/여행/직구,해외여행 면세한도는 올라가고 세율은 낮아지고. 도대체 얼마나 낮아졌는지 확인해보겠습니다.,https://www.youtube.com/watch?v=P6Ma3wfKp3w
X-YJaQoEv30,2023-12-28,859,20756,,N,원산지/FTA|운송/B/L/포워딩|결제/신용장/외환|자격증/시험|취업/커리어,"2024년 6대 무역자격증을 모두 취득하고, 우리 모두 무역전문가가 됩니다. 국제무역사, 무역영어, 물류관리사, 외환전문역, 원산지관리사, 보세사",https://www.youtube.com/watch?v=X-YJaQoEv30
vsNjz0eohOI,2023-12-18,855,3044,,N,통관일반/관세|취업/커리어,[광고포함] 한국관세무역개발원 이직성공. 도망친 곳에 낙원이 있을....까?,https://www.youtube.com/watch?v=vsNjz0eohOI
6ZVCk8zUgcU,2023-11-17,1325,2235,,N,통관일반/관세|세무/노무/기타,누락하면 가산세 세금 폭탄. 1년 세무일정 총정리,https://www.youtube.com/watch?v=6ZVCk8zUgcU
k-ah_fF8ypA,2023-11-06,58,10283,,N,운송/B/L/포워딩|취업/커리어,대기업만 생각하는 취업준비생분들 보세요. 중소로컬 포워더도 충분히 장점이 있습니다.,https://www.youtube.com/watch?v=k-ah_fF8ypA
FvQ8jXejpB4,2023-10-30,885,35373,,N,운송/B/L/포워딩|취업/커리어,"[무역상사, 무역회사, 포워딩, 해외영업, 무역사무] 무역회사의 종류와 무역직무 분석",https://www.youtube.com/watch?v=FvQ8jXejpB4
j5zF0Lrk5XE,2023-10-13,866,4421,M08 HS/관세/환급,Y,통관일반/관세,실무자 필수시청바람! HS코드로 관세율 찾아보기!,https://www.youtube.com/watch?v=j5zF0Lrk5XE
U1hbCEWHSHE,2023-10-06,1578,12859,M08 HS/관세/환급,Y,통관일반/관세|자격증/시험,"덤핑방지관세, 보복관세, 상계관세, 기본관세.....여러가지 많은 관세의 종류 총정리",https://www.youtube.com/watch?v=U1hbCEWHSHE
ifUEeSStswQ,2023-09-22,935,19966,,N,자격증/시험,지금 관세사시험 공부시작하기 딱 좋은 시기!  관세사 현실적으로 말씀드립니다.,https://www.youtube.com/watch?v=ifUEeSStswQ
gqkzKdEfBYs,2023-09-15,899,3944,M08 HS/관세/환급,Y,통관일반/관세,"이것들 다 차이가 뭐야???  ""세액신고 잘못했다면 이렇게 하세요"" 정정, 보정, 수정, 경정",https://www.youtube.com/watch?v=gqkzKdEfBYs
yJeNZHp_3HY,2023-09-08,1007,14502,M09 원산지/FTA,Y,원산지/FTA,수습관세사 원산지업무 도전하기,https://www.youtube.com/watch?v=yJeNZHp_3HY
ywJmCqlxSDQ,2023-09-01,581,20638,,N,결제/신용장/외환,해외송금한도 2배로 인상! 개정된 외국환거래법 드디어 반영,https://www.youtube.com/watch?v=ywJmCqlxSDQ
dh8mjTMiLL0,2023-08-25,521,3203,M10 운송/물류/B/L,Y,운송/B/L/포워딩,선픽업이 거의 필수가 된 이유,https://www.youtube.com/watch?v=dh8mjTMiLL0
WYYcSELwUR0,2023-08-18,1617,14781,M10 운송/물류/B/L,Y,운송/B/L/포워딩|무역서류|자격증/시험,실제 수출입 운임인보이스로 알아보는 해상운임 이론과 실무!,https://www.youtube.com/watch?v=WYYcSELwUR0
fKSVsbWz0pQ,2023-08-11,660,12938,M10 운송/물류/B/L,Y,기초/용어|운송/B/L/포워딩,"메일 받고 이게 뭔 외계어야 하셨던 분들 이제 걱정 끝. 물류기초용어 정리 (DEM, DET, STO)",https://www.youtube.com/watch?v=fKSVsbWz0pQ
ngWHw6CdiUs,2023-08-04,652,29572,M14 특수 수출형태,Y,특수무역형태|자격증/시험,중고자동차 수출하는 법!,https://www.youtube.com/watch?v=ngWHw6CdiUs
n2I4AzvMUJ8,2023-07-28,911,12001,M07 수입통관/수입신고,Y,수입통관/신고|통관일반/관세,수습관세사 수입통관도전하기,https://www.youtube.com/watch?v=n2I4AzvMUJ8
6_h6cmpDgC8,2023-07-21,447,15439,M10 운송/물류/B/L,Y,운송/B/L/포워딩,포워딩수출 이론과 실무가 이렇게 다르다고??,https://www.youtube.com/watch?v=6_h6cmpDgC8
QCSCgB1I7a4,2023-07-14,1443,46281,M06 수출통관/수출신고,Y,수출통관/신고|운송/B/L/포워딩,왕초보를 위한 포워딩 해상화물 수출절차 파헤치기!,https://www.youtube.com/watch?v=QCSCgB1I7a4
egXhzeDtKR0,2023-07-07,1393,114380,M02 인코텀즈,Y,인코텀즈|자격증/시험,왕초보도 이해하는 인코텀즈(Incoterms) 2020 모든 조건 한방에 정리,https://www.youtube.com/watch?v=egXhzeDtKR0
FIdBuQhdQ44,2023-06-30,869,8239,,N,자격증/시험,"국제무역사 온라인비대면 리얼후기, 이렇게 변했다고?",https://www.youtube.com/watch?v=FIdBuQhdQ44
adLKVzQvvlI,2023-06-23,985,4665,M10 운송/물류/B/L,Y,운송/B/L/포워딩|결제/신용장/외환,L/G(수입화물선취보증서) 신청서 작성법과 발행까지!,https://www.youtube.com/watch?v=adLKVzQvvlI
R-BrZXvLy74,2023-06-16,1346,28681,M02 인코텀즈,Y,인코텀즈|자격증/시험,인코텀즈(Incoterms) 왕초보 기초잡기,https://www.youtube.com/watch?v=R-BrZXvLy74
kZyEHvxMBzA,2023-06-09,1142,15791,M10 운송/물류/B/L,Y,운송/B/L/포워딩|결제/신용장/외환|자격증/시험,"B/L 없이 물건 찾을 수 있는 방법! SURRENDER B/L, SWB, L/G 실무는 이렇게",https://www.youtube.com/watch?v=kZyEHvxMBzA
qufq9wqNuT8,2023-06-02,408,12136,M10 운송/물류/B/L,Y,운송/B/L/포워딩,수입물품 선적돼서 이제 배가 와요 어쩌죠? 찐 왕초보 길라잡이,https://www.youtube.com/watch?v=qufq9wqNuT8
851Hiww4g_E,2023-05-26,587,14975,,N,자격증/시험,"비대면 온라인 국무사 시험봤습니다! ,시험접수방법 및 사전테스트방법은?",https://www.youtube.com/watch?v=851Hiww4g_E
Mx1oMq6KPHI,2023-05-18,496,43040,M07 수입통관/수입신고,Y,수입통관/신고,수입에 대해 1도 모른다? 진짜 찐 왕초보를 위한 수입하기 전 알아야 할 순서! 개념몰라도 이것만은 알고 계세요,https://www.youtube.com/watch?v=Mx1oMq6KPHI
aAZaMXOBxk8,2023-05-12,922,4787,M06 수출통관/수출신고,Y,수출통관/신고|통관일반/관세,수습관세사 수출통관 도전하기,https://www.youtube.com/watch?v=aAZaMXOBxk8
vfLVY620U60,2023-05-04,664,6312,M10 운송/물류/B/L,Y,운송/B/L/포워딩|자격증/시험,"(2026년 운송실무下) [Master B/L, Direct B/L, Line B/L vs House B/L]  FCL화물, LCL화물 구분하는 방법!",https://www.youtube.com/watch?v=vfLVY620U60
SueV45xuzis,2023-05-03,711,6943,M10 운송/물류/B/L,Y,운송/B/L/포워딩|자격증/시험,(2026년 운송실무上) 실무가 한스푼 첨가된 운송실무개념 완벽정리!,https://www.youtube.com/watch?v=SueV45xuzis
yGi-YI_b16o,2023-04-21,421,2641,,N,취업/커리어,복수의서막,https://www.youtube.com/watch?v=yGi-YI_b16o
Or_HdIqDP5M,2023-04-14,501,4549,,N,자격증/시험,시험을 집에서 본다? 국제무역사 비대면온라인 시험확정! 변동사항과 응시방법은??,https://www.youtube.com/watch?v=Or_HdIqDP5M
abF3eWwVgps,2023-04-11,796,3222,M12 결제/신용장/외환,Y,결제/신용장/외환,(2023년 신용장해석下) 이제 우리는 신용장 전문가로 한발짝 더!,https://www.youtube.com/watch?v=abF3eWwVgps
i7UUVYgA2w0,2023-04-07,889,12593,,N,취업/커리어,이쪽 업계는 다 알만한 대형 관세법인 top3 대표님들을 한자리에 모셔봤습니다,https://www.youtube.com/watch?v=i7UUVYgA2w0
JZZAZlsVGIc,2023-03-31,978,3976,M12 결제/신용장/외환,Y,결제/신용장/외환,(2023년 신용장해석上) 명실상부 정재환의 실무에 한발짝 더 다가간 신용장 해석!,https://www.youtube.com/watch?v=JZZAZlsVGIc
Je5FBjVwUFY,2023-03-24,883,12643,M10 운송/물류/B/L,Y,운송/B/L/포워딩|무역서류|자격증/시험,"2026년 NEW! 왕초보도 이해가능한 B/L, AWB! 이것보다 쉽게 알려주는 사람 없을껄?",https://www.youtube.com/watch?v=Je5FBjVwUFY
V4G1Q6aZoyQ,2023-03-23,306,2765,,N,자격증/시험,남들과는 다르게! 2023년 고텐션 관세사 합격전략 설명회,https://www.youtube.com/watch?v=V4G1Q6aZoyQ
6NLhxbX8SUA,2023-03-17,498,2943,,N,자격증/시험,"아직...2차 남았다. 관세사 2차시험 준비방법, 할 수 있습니다!",https://www.youtube.com/watch?v=6NLhxbX8SUA
fwd_FRwdBko,2023-03-10,436,1984,,N,취업/커리어,"육아하는 관세사, 오늘 여러모로 충격먹었습니다.",https://www.youtube.com/watch?v=fwd_FRwdBko
S14Z9Edq13M,2023-03-03,503,3246,,N,결제/신용장/외환|자격증/시험,수험생들 특히 주목!  2023년 외국환거래법 개편안 발표되었습니다. 외국환거래 전면 자유화 현실로...?,https://www.youtube.com/watch?v=S14Z9Edq13M
hAvVSAmsCfc,2023-02-24,791,2400,,N,,"지킬 시 분명 이쁨 받게 될 겁니다.(ft.비즈니스, 회식등)",https://www.youtube.com/watch?v=hAvVSAmsCfc
LHcKYucxPo8,2023-02-17,761,5202,,N,,개업하고 3년동안 진짜 고생 많았죠...,https://www.youtube.com/watch?v=LHcKYucxPo8
UK_Eclk-ChI,2023-02-10,484,656,,N,세무/노무/기타,"2023년 직장인 세금 변동사항, 더 내지마세요",https://www.youtube.com/watch?v=UK_Eclk-ChI
yKlW34W5ok0,2023-02-03,944,4200,,N,,"경력 13년차, 개업관세사는 어떨까?",https://www.youtube.com/watch?v=yKlW34W5ok0
kTJ9n57YF6o,2023-01-27,449,4890,,N,자격증/시험|취업/커리어,2023년 모든 무역자격증의 시험일정 총정리,https://www.youtube.com/watch?v=kTJ9n57YF6o
_IpZiMFNIYg,2023-01-19,286,4084,,N,취업/커리어,최고의 복수,https://www.youtube.com/watch?v=_IpZiMFNIYg
7QhP1rsWu0s,2023-01-13,311,2901,,N,자격증/시험|취업/커리어,자격증 3개 따면서 슬기로운 겨울방학 보내기 가능합니다!,https://www.youtube.com/watch?v=7QhP1rsWu0s
zC4EQPsSfP8,2023-01-06,450,5972,,N,운송/B/L/포워딩|취업/커리어,X됐다.,https://www.youtube.com/watch?v=zC4EQPsSfP8
EJXvvJooT9o,2022-12-29,277,938,,N,개인/여행/직구,다 따로 샀는데 왜 세금내라해요;;,https://www.youtube.com/watch?v=EJXvvJooT9o
AglxVCEccdc,2022-12-23,696,16280,,N,취업/커리어,저희 내일 오전까지 받아야 된다구요..,https://www.youtube.com/watch?v=AglxVCEccdc
g7VXhBGj6ig,2022-12-16,491,36589,,N,개인/여행/직구,"해외여행 명품가방,시계사면 세금은 얼마나 내야할까?",https://www.youtube.com/watch?v=g7VXhBGj6ig
8gD3sGoe12o,2022-12-09,587,8082,,N,무역서류|취업/커리어,회사 첫출근 했는데 아무것도 모른다,https://www.youtube.com/watch?v=8gD3sGoe12o
OAN0KT5YDyI,2022-12-02,776,13253,,N,자격증/시험|취업/커리어,2023년 국제무역사대비! 영상 본 지금부터 공부시작하세요!,https://www.youtube.com/watch?v=OAN0KT5YDyI
h1-I7RU3N2Y,2022-11-25,922,7127,M09 원산지/FTA,Y,원산지/FTA|자격증/시험,"FTA원산지증명, 인증수출자가 도대체 무엇인가요?",https://www.youtube.com/watch?v=h1-I7RU3N2Y
TajPn2AQR30,2022-11-18,1124,6787,,N,자격증/시험,39회 관세사 시험 끝! 관세사는 어디서 일하는게 좋을까? 대기업? 사무소? 법인?! 도대체 어디가 좋은거죠?,https://www.youtube.com/watch?v=TajPn2AQR30
vdOrcjkTRQU,2022-11-11,546,19613,,N,개인/여행/직구,면세혜택 받고 싶다? 해외여행시 사온 물건 면세한도는?,https://www.youtube.com/watch?v=vdOrcjkTRQU
qdk3-UpQjBo,2022-11-06,1114,4784,M07 수입통관/수입신고,Y,수입통관/신고|통관일반/관세,"수입면장해석 30번~69번,  제대로 알려주는 곳이 없어서 제가 만들었습니다.",https://www.youtube.com/watch?v=qdk3-UpQjBo
LnPL-VR-l8Y,2022-10-28,1228,8911,M07 수입통관/수입신고,Y,수입통관/신고|통관일반/관세,"1번~29번, 무역하려면 수입면장은 정도는 해석할 줄 알아야겠죠?",https://www.youtube.com/watch?v=LnPL-VR-l8Y
3LBtqqin6kc,2022-10-21,719,7904,,N,자격증/시험|취업/커리어,"""아직 안늦었다!"" 2022년 하반기 무역영어 취득하기!",https://www.youtube.com/watch?v=3LBtqqin6kc
M0Hq1esd89E,2022-10-14,1052,3057,,N,결제/신용장/외환,"물가상승과 경기침체, 암울한 우리나라 현사정.. 환율과 경제의 관계",https://www.youtube.com/watch?v=M0Hq1esd89E
R_kLXtAgv9U,2022-10-12,6392,4145,M01 무역 기초/용어,Y,수출통관/신고|무역서류,왕초보 필수시청!  무꿈사 수출 관련 영상 한번에 몰아보자!,https://www.youtube.com/watch?v=R_kLXtAgv9U
EfWhd4qAxWM,2022-10-07,1190,3549,M06 수출통관/수출신고,Y,수출통관/신고,수출신고필증해석 이제 어렵지 않겠죠?,https://www.youtube.com/watch?v=EfWhd4qAxWM
FOpJntQQmo0,2022-09-30,1413,11295,M06 수출통관/수출신고,Y,수출통관/신고,수출신고필증 어떻게 볼 줄 모르신다구요? 이거보고 확인하세요!,https://www.youtube.com/watch?v=FOpJntQQmo0
AfyY9gDdE2I,2022-09-23,764,26659,,N,특수무역형태|개인/여행/직구,해외직구 관세 걱정되셨나요? 주의사항 및 면세기준,https://www.youtube.com/watch?v=AfyY9gDdE2I
7XICBrAiE3M,2022-09-16,1041,20161,,N,특수무역형태|개인/여행/직구,해외직구? 구매대행? 배송대행? 병행수입? 개념을 한번에 정리해드립니다.,https://www.youtube.com/watch?v=7XICBrAiE3M
_6ZlG24lHKM,2022-09-08,694,18645,M12 결제/신용장/외환,Y,결제/신용장/외환,Usance(유산스) 잘 알고 계신가요?  완벽정리!,https://www.youtube.com/watch?v=_6ZlG24lHKM
Ydb-PAv-reU,2022-09-02,769,18648,M14 특수 수출형태,Y,특수무역형태|자격증/시험,"3국무역(3자무역, 4자무역) 외국인도수출, 중계무역, 중개무역 한방정리!",https://www.youtube.com/watch?v=Ydb-PAv-reU
NjCfB9fCxAU,2022-08-26,948,6875,,N,자격증/시험,"관세사수험 1타강사, 임예진 관세사가 말하는 1차시험!",https://www.youtube.com/watch?v=NjCfB9fCxAU
cGXA4lBGwKU,2022-08-18,863,12641,,N,자격증/시험,관세사 1차시험 과목별 공부방법! 어떻게 공부하는게 효율적일까?,https://www.youtube.com/watch?v=cGXA4lBGwKU
AVMkH_OE4ys,2022-08-12,785,5390,,N,자격증/시험,관세사 1차시험 합격전략!!!  오늘부터 스타뜨!,https://www.youtube.com/watch?v=AVMkH_OE4ys
rgfAidLRIkI,2022-08-05,1042,11772,M09 원산지/FTA,Y,원산지/FTA,원산지증명서 해석할 줄 아시나요?,https://www.youtube.com/watch?v=rgfAidLRIkI
5_DmvxCuMuU,2022-07-29,537,2767,M09 원산지/FTA,Y,원산지/FTA,"2022년 7월 5일 원산지소명서 및 확인서 개정, 꼭 챙기시기 바랍니다!",https://www.youtube.com/watch?v=5_DmvxCuMuU
NFR5OAv98Lk,2022-07-22,1009,18117,M09 원산지/FTA,Y,원산지/FTA,"실전으로 알려줍니다, 원산지증명서 발급절차!",https://www.youtube.com/watch?v=NFR5OAv98Lk
WraG5N06rwM,2022-07-15,1236,87236,,N,취업/커리어,관세사라는 직업 괜찮나요....? 솔직하게 말씀드립니다.,https://www.youtube.com/watch?v=WraG5N06rwM
mRqEf8N6Bv4,2022-07-05,1515,14590,,N,결제/신용장/외환|자격증/시험,"국제무역사 시험대비, 외환실무 파트에서 점수따는법 [기출문제풀이편]",https://www.youtube.com/watch?v=mRqEf8N6Bv4
wAzZ-FN5Ze0,2022-07-03,869,13794,,N,결제/신용장/외환|자격증/시험,"국제무역사 시험대비, 외환실무 파트에서 점수따는법 [이론편]",https://www.youtube.com/watch?v=wAzZ-FN5Ze0
f0IVX43AGoo,2022-06-29,1243,7238,,N,통관일반/관세|자격증/시험,2022년 39회 관세사 시험이 끝이났습니다.,https://www.youtube.com/watch?v=f0IVX43AGoo
slF3xAm5QJA,2022-06-24,749,2916,,N,통관일반/관세|자격증/시험,2022년 국제무역사 시험대비 개정사항 총정리!,https://www.youtube.com/watch?v=slF3xAm5QJA
2VS8YTHOfYw,2022-06-17,1001,3420,M08 HS/관세/환급,Y,통관일반/관세,"잘못하면 가산세 폭탄!  2022년 관세법 가산세 총정리(납부지연가산세, 과소신고가산세 등등...)",https://www.youtube.com/watch?v=2VS8YTHOfYw
bqMU80TyI2s,2022-06-10,870,12915,,N,원산지/FTA|운송/B/L/포워딩|결제/신용장/외환|자격증/시험,"국제무역사, 무역영어, 물류관리사, 원산지관리사, 외환전문역 2달만에 모두 취득하기!",https://www.youtube.com/watch?v=bqMU80TyI2s
e7xGyqy4ids,2022-06-03,1280,2671,M07 수입통관/수입신고,Y,수입통관/신고|통관일반/관세|무역서류|취업/커리어,[유니패스 자가수입통관] 자가수입신고의 마지막단계 란사항입력하기!,https://www.youtube.com/watch?v=e7xGyqy4ids
Lxhq7mHBdcQ,2022-05-27,1704,9481,M07 수입통관/수입신고,Y,수입통관/신고|통관일반/관세|무역서류|취업/커리어,[유니패스 자가수입통관] 자료준비하는데 3개월이라는 시간이 걸렸다..,https://www.youtube.com/watch?v=Lxhq7mHBdcQ
pyWoM2kdASI,2022-05-20,1209,116976,M04 무역서류,Y,통관일반/관세|무역서류|취업/커리어,수출입무역에 등장하는 모든 절차와 서류 총정리!,https://www.youtube.com/watch?v=pyWoM2kdASI
js5-_zcF_xg,2022-05-13,1093,107161,M01 무역 기초/용어,Y,기초/용어|통관일반/관세|자격증/시험|취업/커리어,"왕초보 무역기초용어, 이 영상 하나로 반은 먹고 들어가자! | 국제무역사,무역영어 무료 강의  모음Zip 📚",https://www.youtube.com/watch?v=js5-_zcF_xg
9Y5nnTD9_lo,2022-05-06,315,4013,,N,원산지/FTA|자격증/시험,완벽한 상태로 시험장에 들어가는 사람은 그 누구도 없습니다.,https://www.youtube.com/watch?v=9Y5nnTD9_lo
dwE2NhvQjqk,2022-05-04,338,1481,,N,원산지/FTA|자격증/시험,"39회 관세사 2차시험, 드디어 D-60일이 깨졌다!",https://www.youtube.com/watch?v=dwE2NhvQjqk
9kJK_nqtAP8,2022-04-29,688,5953,,N,원산지/FTA|자격증/시험|취업/커리어,"FTA관세무역연구원 개강, 첫 출근하고 왔습니다. (ft.신입직원)",https://www.youtube.com/watch?v=9kJK_nqtAP8
w-DPIaRQ2-Q,2022-04-22,953,9748,,N,운송/B/L/포워딩|취업/커리어,[현직자를 만나다] 포워딩 업계 급여수준 그리고 에피소드 대방출!,https://www.youtube.com/watch?v=w-DPIaRQ2-Q
3atKsSlHIhs,2022-04-15,1439,44634,,N,운송/B/L/포워딩|취업/커리어,"[현직자를 만나다]  외국계 포워딩 회사경력 7년,  포워딩회사에서 중요한 부분은?",https://www.youtube.com/watch?v=3atKsSlHIhs
GFyo3QJHPFY,2022-04-08,887,26617,,N,통관일반/관세|취업/커리어,무역사무원vs관세사무원 두 업종의 차이점은?,https://www.youtube.com/watch?v=GFyo3QJHPFY
6FEzgy-nAO0,2022-04-01,1367,25467,,N,통관일반/관세|원산지/FTA|취업/커리어,"관세법인, 사무소에 들어가면 뭐부터 배울까? 전망과 중요한 능력은?!",https://www.youtube.com/watch?v=6FEzgy-nAO0
XExr6JcVS2g,2022-03-25,1200,5899,M06 수출통관/수출신고,Y,수출통관/신고|통관일반/관세,[유니패스 자가수출통관] 이제 당신도 수출신고를 할 수 있게 될 겁니다. (란사항 기재방법),https://www.youtube.com/watch?v=XExr6JcVS2g
SG8ez24W0kM,2022-03-23,689,3377,M06 수출통관/수출신고,Y,수출통관/신고|통관일반/관세,[유니패스 자가수출통관]  이렇게 세세하게 알려주는 사람 없음 (공통사항2 기재방법),https://www.youtube.com/watch?v=SG8ez24W0kM
mZJU5W9odno,2022-03-18,1613,9292,M06 수출통관/수출신고,Y,수출통관/신고|통관일반/관세,[유니패스 자가수출통관] 나도 한번 수출신고 해볼까? (공통사항1 기재방법),https://www.youtube.com/watch?v=mZJU5W9odno
zV-Gz4kfv_c,2022-03-11,1120,12606,M06 수출통관/수출신고,Y,수출통관/신고|통관일반/관세,2022 수출신고(통관)에 대해 쉽고! 빠르게 알려드립니다,https://www.youtube.com/watch?v=zV-Gz4kfv_c
tNRqN6nb_CY,2022-03-04,1161,13806,,N,자격증/시험|취업/커리어,[지게차 실기편] 지게차 실기시험 간단한 팁 알려드립니다,https://www.youtube.com/watch?v=tNRqN6nb_CY
7L5eYTe6F2o,2022-02-25,893,30921,,N,자격증/시험|취업/커리어,"[지게차 필기편] 관세사 11년차, 나이 40대, 지게차 자격증 도전썰",https://www.youtube.com/watch?v=7L5eYTe6F2o
57OF30WC0jA,2022-02-22,708,4086,M09 원산지/FTA,Y,원산지/FTA,[RCEP 활용사례] 개별 FTA 대신 RCEP을 사용하여야 하는 이유,https://www.youtube.com/watch?v=57OF30WC0jA
llASvNDKBqg,2022-02-16,1303,12109,M09 원산지/FTA,Y,원산지/FTA,"무역인들 필수 시청바람, RCEP에 대해 알고싶니?",https://www.youtube.com/watch?v=llASvNDKBqg
McNqaUaj_Go,2022-02-10,1701,12167,,N,원산지/FTA|자격증/시험,2022 국제무역사대비 FTA 원산지결정기준 문제풀이!,https://www.youtube.com/watch?v=McNqaUaj_Go
0S4JI2UGif0,2022-02-04,1301,6904,,N,보험|자격증/시험,"국제무역사 보험금계산문제, 영상보면 이제 무조건 맞출 수 있을겁니다.",https://www.youtube.com/watch?v=0S4JI2UGif0
G2PrpRuf4V8,2022-01-29,787,15775,,N,세무/노무/기타,"[재업로드] 법정의무교육, 의무적일까?",https://www.youtube.com/watch?v=G2PrpRuf4V8
bDDHcBIy-0U,2022-01-26,1105,3623,M06 수출통관/수출신고,Y,수입통관/신고|통관일반/관세,"""아니,  왜 자꾸 내 화물만 검사걸리냐고...!"" 수출입신고 오류점수의 비밀은?",https://www.youtube.com/watch?v=bDDHcBIy-0U
NL7i2moEUrE,2022-01-19,864,22989,M04 무역서류,Y,수입통관/신고|통관일반/관세|무역서류|자격증/시험,수입신고(통관) 필요서류와 물품반출까지의 과정은?,https://www.youtube.com/watch?v=NL7i2moEUrE
3euEdPiR6n0,2022-01-14,1197,70428,M07 수입통관/수입신고,Y,수입통관/신고|통관일반/관세|자격증/시험,왕초보도 알기쉽게 정리해드립니다. 2026년 수입신고(통관)절차!,https://www.youtube.com/watch?v=3euEdPiR6n0
3O65li12I7I,2022-01-12,618,7503,M04 무역서류,Y,무역서류,포장명세서와 상업송장의 차이점은 무엇일까요??,https://www.youtube.com/watch?v=3O65li12I7I
_DFOABLNRRQ,2022-01-07,663,3270,M05 사전등록/부호,Y,통관일반/관세|무역서류,[해외거래처부호]  송장까지 받았다구? 그 다음 해야할 것은 바로!,https://www.youtube.com/watch?v=_DFOABLNRRQ
kXnmBAdbqDY,2022-01-05,627,24074,M05 사전등록/부호,Y,통관일반/관세|무역서류,[사업자 통관고유부호] 무역하는데 혹시 이거 모르는 사람있나요?!,https://www.youtube.com/watch?v=kXnmBAdbqDY
rYrewyH_geY,2021-12-30,2140,47877,M07 수입통관/수입신고,Y,수입통관/신고,식품수입 하기 전에 한번은 무조건 보시길 바랍니다.,https://www.youtube.com/watch?v=rYrewyH_geY
btULEQAcDAc,2021-12-24,978,17733,M04 무역서류,Y,무역서류,"상업송장 작성방법,  이젠 헷갈리지 않으셔도 됩니다!",https://www.youtube.com/watch?v=btULEQAcDAc
CQL_oaUwGLI,2021-12-20,673,8178,,N,통관일반/관세|자격증/시험,시험 6개월 남았는데 2022년 관세사시험이 개편되었습니다.,https://www.youtube.com/watch?v=CQL_oaUwGLI
K8KP-6Pv-PU,2021-12-09,1240,10497,,N,자격증/시험,[2021년 38기 관세사합격수기] 이건 꼭x2 추천합니다!,https://www.youtube.com/watch?v=K8KP-6Pv-PU
2yWB-bYf5gw,2021-11-25,708,1843,,N,원산지/FTA|운송/B/L/포워딩,국제행사에 다녀온 정재환관세사! (긴장한 건 비밀!),https://www.youtube.com/watch?v=2yWB-bYf5gw
YHV4McA1Tzs,2021-11-23,1049,23176,,N,자격증/시험,[2021년 38기 관세사합격수기] 저는 이렇게 공부했습니다.,https://www.youtube.com/watch?v=YHV4McA1Tzs
NxUijp9c14g,2021-11-18,512,704,,N,,비즈니스 망치고 싶지 않으면 클릭!,https://www.youtube.com/watch?v=NxUijp9c14g
Hn9O8Yjg_Lg,2021-11-15,797,12041,,N,자격증/시험,2022년 국제무역사 깔끔하게 정리해드림!,https://www.youtube.com/watch?v=Hn9O8Yjg_Lg
lGsqrEPKbII,2021-11-10,748,4380,,N,,무역회사 필수! 영어(TOEIC) 일본어(JPT)  중국어(HSK) 외국어 공부썰,https://www.youtube.com/watch?v=lGsqrEPKbII
yCW957f5NO0,2021-11-05,646,798,,N,,"해외파견, 아프리카에 4년을 있었습니다",https://www.youtube.com/watch?v=yCW957f5NO0
iUohzEk4PBg,2021-11-03,642,5630,,N,결제/신용장/외환|자격증/시험|취업/커리어,외환전문역 2종 자격증 파헤치기!,https://www.youtube.com/watch?v=iUohzEk4PBg
TdPQjVFc1po,2021-10-29,1075,9087,M09 원산지/FTA,Y,원산지/FTA|자격증/시험,FTA를 실무에 적용하기 위해 가장 중요한것은?,https://www.youtube.com/watch?v=TdPQjVFc1po
WivO7ACGluY,2021-10-27,713,9510,,N,무역서류|자격증/시험|취업/커리어,"취업과 외국어의 관계, 서류합격해서 기회를 얻자!! (ft. 취준썰)",https://www.youtube.com/watch?v=WivO7ACGluY
nG27jwoTLck,2021-10-22,881,20316,,N,무역금융/지원,"몰라서 받지 못하는 정부지원금(ft. 일자리안정자금,두루누리,청년추가고용장려금, 청년내일채움공제)",https://www.youtube.com/watch?v=nG27jwoTLck
gvUEby4B9Gs,2021-10-20,1040,19745,,N,원산지/FTA|운송/B/L/포워딩|자격증/시험|취업/커리어,"취업과 자격증들에 대한 많은 궁금증들, 이제 종결하겠습니다",https://www.youtube.com/watch?v=gvUEby4B9Gs
teiE_fFJTFg,2021-10-15,860,10359,,N,원산지/FTA|운송/B/L/포워딩|자격증/시험|취업/커리어,"원산지관리사 후기, 이 자격증 취업에 분명 도움됩니다!",https://www.youtube.com/watch?v=teiE_fFJTFg
VPkKUgHLSC0,2021-10-13,787,1702,M02 인코텀즈,Y,인코텀즈,DAP 규칙 2편 개별의무 인코텀즈(Incoterms)2020,https://www.youtube.com/watch?v=VPkKUgHLSC0
qZv7m3z7wbo,2021-10-08,774,3479,M02 인코텀즈,Y,인코텀즈,DAP 규칙 1편 설명문 인코텀즈(Incoterms)2020,https://www.youtube.com/watch?v=qZv7m3z7wbo
nTrURY2pOnk,2021-10-06,925,8370,M12 결제/신용장/외환,Y,결제/신용장/외환,외국환거래법 이게 위반?! 설마..옥살이도..?,https://www.youtube.com/watch?v=nTrURY2pOnk
rXkI4DXU_04,2021-10-01,566,4285,,N,자격증/시험,무역영어는 왜 따야할까요?,https://www.youtube.com/watch?v=rXkI4DXU_04
xQgC6NZbpGU,2021-09-29,904,2557,M02 인코텀즈,Y,인코텀즈,아직도 잘 모르시겠다구요? 인코텀즈 주요개정사항 정리,https://www.youtube.com/watch?v=xQgC6NZbpGU
8jJEmhs_oF0,2021-09-24,900,5797,,N,자격증/시험,"CDCS, CSDG, CITF 다 딴 외환명장이 말합니다",https://www.youtube.com/watch?v=8jJEmhs_oF0
e3Y6XxlSvMs,2021-09-19,685,12092,,N,운송/B/L/포워딩|자격증/시험,"물류관리사 자격증에 대해 알아봅시다! 공부방법, 기간, 합격전략은?",https://www.youtube.com/watch?v=e3Y6XxlSvMs
Yc86WW22DpA,2021-09-16,50,789,,N,통관일반/관세,교재증정 EVENT! 또 받아가세요!,https://www.youtube.com/watch?v=Yc86WW22DpA
Oe8uxTcBqng,2021-09-15,978,88896,,N,무역서류,세금계산서? 어렵지 않아요!,https://www.youtube.com/watch?v=Oe8uxTcBqng
-t45vpiQgQY,2021-09-10,524,26703,M12 결제/신용장/외환,Y,결제/신용장/외환|무역서류|자격증/시험,"무역결제 필수서류, 환어음! 도대체 왜 사용하나요??",https://www.youtube.com/watch?v=-t45vpiQgQY
BMudS4Dmi9I,2021-09-08,1069,9974,,N,통관일반/관세|세무/노무/기타,그동안 원천세 납부 어려우셨죠..?,https://www.youtube.com/watch?v=BMudS4Dmi9I
h2R2Fr8R2GU,2021-09-03,672,3129,,N,취업/커리어,해외영업 취업 이렇게 하시면 정신건강에 이롭습니다 그리고 액션을 취하세요 ep.2,https://www.youtube.com/watch?v=h2R2Fr8R2GU
US2LzomAbq0,2021-09-01,642,7598,,N,취업/커리어,해외영업 취업 알아두면 좋은 여러가지 사항들은? ep.1,https://www.youtube.com/watch?v=US2LzomAbq0
cvInUDUsHWA,2021-08-27,539,6109,M08 HS/관세/환급,Y,통관일반/관세,"이거 친구한테 선물받은건데 관세 내야 하나요? (ft. 관세평가, 과세가격 결정, 가격신고)",https://www.youtube.com/watch?v=cvInUDUsHWA
05CYpuQdAJI,2021-08-25,554,13830,,N,운송/B/L/포워딩|무역서류|자격증/시험|취업/커리어,"관세법인 vs 포워딩회사, 자격증 추천 및 어학능력 연봉은? ep.2",https://www.youtube.com/watch?v=05CYpuQdAJI
glgvu3gcCas,2021-08-20,432,13489,M12 결제/신용장/외환,Y,결제/신용장/외환|자격증/시험,"이것이 실전무역이다, 환어음 5분만에 해석하기!",https://www.youtube.com/watch?v=glgvu3gcCas
L2Gs3wQrC3E,2021-08-18,584,11734,,N,운송/B/L/포워딩|무역서류|자격증/시험|취업/커리어,"관세법인vs포워딩회사, 나의 적성은 어디가 맞을까? ep.1",https://www.youtube.com/watch?v=L2Gs3wQrC3E
Mu8rsjX6unE,2021-08-13,560,1306,,N,통관일반/관세|세무/노무/기타,"세금 안내도 되는 비과세, 제출비과세와 미제출비과세에 해당하는 것은?",https://www.youtube.com/watch?v=Mu8rsjX6unE
G9vbWvIjuTs,2021-08-11,645,3345,M13 규제/요건,Y,무역규제/요건|자격증/시험,"수출입제한에 걸렸다? 수출입공고, 통합공고에 대해 알아야합니다",https://www.youtube.com/watch?v=G9vbWvIjuTs
D_H9DcZHG8I,2021-08-06,968,1073,,N,세무/노무/기타,왕초보 세금상식! 원천세 홈택스에서 신고하는 방법까지 알려드림,https://www.youtube.com/watch?v=D_H9DcZHG8I
82nz-B4bNcY,2021-08-03,543,2260,,N,통관일반/관세|자격증/시험,2020년 4년차 합격자가 말하는 2021년 관세사 2차시험,https://www.youtube.com/watch?v=82nz-B4bNcY
e8xtVARpB20,2021-07-30,1271,1846,M02 인코텀즈,Y,인코텀즈|운송/B/L/포워딩|자격증/시험,CIF 규칙 2편 개별의무 인코텀즈(Incoterms)2020,https://www.youtube.com/watch?v=e8xtVARpB20
iW8eYyF6j2o,2021-07-27,1411,5421,M02 인코텀즈,Y,인코텀즈|운송/B/L/포워딩|자격증/시험,CIF 규칙 1편 설명문 인코텀즈(Incoterms)2020,https://www.youtube.com/watch?v=iW8eYyF6j2o
6Li3CPehzsk,2021-07-20,904,3569,,N,운송/B/L/포워딩|보험|무역서류|개인/여행/직구|자격증/시험,해외여행 시 항공사의 보상한도와 기준(물품파손... 등등),https://www.youtube.com/watch?v=6Li3CPehzsk
Ji_ZygEIR80,2021-07-14,832,11218,M10 운송/물류/B/L,Y,운송/B/L/포워딩|무역서류|자격증/시험,선하증권(B/L) VS 항공화물운송장(AWB),https://www.youtube.com/watch?v=Ji_ZygEIR80
_nIDYVxMG4w,2021-07-02,820,2412,,N,통관일반/관세|자격증/시험,2021년 관세사 2차시험 과목별 총평,https://www.youtube.com/watch?v=_nIDYVxMG4w
tXo9cpfs7PI,2021-06-30,949,5812,,N,통관일반/관세|자격증/시험,이거 이래도 되는거야?? (ft. 2021년 관세사 2차시험 총평),https://www.youtube.com/watch?v=tXo9cpfs7PI
vhXa-oQhujg,2021-06-27,353,4076,,N,자격증/시험,무역영어 상시시험 합격하고 왔습니다 :),https://www.youtube.com/watch?v=vhXa-oQhujg
6qm6UBM7C0A,2021-06-23,602,29054,,N,자격증/시험,관세사 수험생 생활을 시작하시려는 분들에게,https://www.youtube.com/watch?v=6qm6UBM7C0A
jYmb57ItRmY,2021-06-18,523,1043,,N,세무/노무/기타,직장인들 필수사항! 노동법 모르면 당합니다,https://www.youtube.com/watch?v=jYmb57ItRmY
a_Sq30iBm0s,2021-06-16,873,19074,M12 결제/신용장/외환,Y,결제/신용장/외환|무역서류|자격증/시험,신용장 서류제시는 지정은행? 돈 받는건 매입?? 신용장 사용방법 정리!,https://www.youtube.com/watch?v=a_Sq30iBm0s
kJUJ_ALjKiI,2021-06-11,367,6559,,N,무역규제/요건|특수무역형태|개인/여행/직구,"해외여행,직구 짝퉁구매 7년 이하의 징역 또는 1억원?!",https://www.youtube.com/watch?v=kJUJ_ALjKiI
c3Tx6CXuDbU,2021-06-09,400,3188,,N,자격증/시험,관세사 2차시험 답안지 작성 유의사항! 까딱 잘못하면 0점 나옵니다.,https://www.youtube.com/watch?v=c3Tx6CXuDbU
QMbhyvKL2rY,2021-06-02,404,1763,,N,수출통관/신고|수입통관/신고|통관일반/관세|무역서류|개인/여행/직구,반려동물 해외사료 수입을 하려면? (ft. 필요한 서류),https://www.youtube.com/watch?v=QMbhyvKL2rY
ygq17oBP11Q,2021-05-26,531,5618,,N,수출통관/신고|통관일반/관세|특수무역형태|개인/여행/직구,반려동물 사료 해외직구 과연 가능할까?,https://www.youtube.com/watch?v=ygq17oBP11Q
mxtRkC9mCdU,2021-05-11,848,12007,M08 HS/관세/환급,Y,수출통관/신고|통관일반/관세|자격증/시험,관세 환급에 대하여 알기 쉽게 말씀드리겠습니다.,https://www.youtube.com/watch?v=mxtRkC9mCdU
tMl_wmM7IUM,2021-05-07,566,2593,,N,수출통관/신고|통관일반/관세|자격증/시험,"35기 관세사 수석합격자  4년차 유예, 존버는 승리한다!!!",https://www.youtube.com/watch?v=tMl_wmM7IUM
DATzq-gHVvc,2021-05-04,353,1192,M15 무역금융/지원,Y,수출통관/신고|통관일반/관세|무역금융/지원|자격증/시험,여러분 수출입화물 검사비용을 지원해준다는 사실 알고 계셨나요?,https://www.youtube.com/watch?v=DATzq-gHVvc
2HtiZMjXd-A,2021-04-30,818,15505,,N,수출통관/신고|통관일반/관세|자격증/시험,"32기 관세사 수석합격, 그 이후 실무에서의 6년...",https://www.youtube.com/watch?v=2HtiZMjXd-A
pDE05QeAF0o,2021-04-28,587,7469,,N,수입통관/신고|통관일반/관세|자격증/시험,"관세사 1차시험 공부전략 (ft. 시간배분, 회계학, 중요도)",https://www.youtube.com/watch?v=pDE05QeAF0o
8Qg5h47FRQY,2021-04-23,703,2867,,N,수입통관/신고|통관일반/관세|자격증/시험,[관세사합격] 이렇게 공부해서 무역실무 점수올렸어요,https://www.youtube.com/watch?v=8Qg5h47FRQY
1OcMwIjCM2c,2021-04-16,1156,12403,,N,수입통관/신고|통관일반/관세|자격증/시험,정재환 관세사가 알려주는 관세사 2차시험 길라잡이!!,https://www.youtube.com/watch?v=1OcMwIjCM2c
1HaEcZQ-QMc,2021-04-14,909,9471,,N,자격증/시험|취업/커리어,"이케아-삼성-현재 미국기업, 20년차 대기업 근무 관세사합격자가 말합니다.",https://www.youtube.com/watch?v=1HaEcZQ-QMc
NmHxIf8LXO0,2021-04-09,816,20165,,N,자격증/시험,"상시시험으로 바뀐 무역영어 시험후기(ft.난이도,유의사항,준비물,공부방법)",https://www.youtube.com/watch?v=NmHxIf8LXO0
AriCvTvGSZE,2021-04-07,556,2844,,N,취업/커리어,"이직하기 전 무조건 알아야 할 사항! (feat. 헤드헌터, 링크드인, 연봉협상)",https://www.youtube.com/watch?v=AriCvTvGSZE
7O_UEt43IL0,2021-04-02,686,2557,,N,수입통관/신고|통관일반/관세|자격증/시험,"[관세사 합격] 무작정 암기는 오히려 ""독"" 이해하고 암기해라!",https://www.youtube.com/watch?v=7O_UEt43IL0
EBGjgalUS1I,2021-03-31,1185,2874,,N,취업/커리어,"기업의 워라밸, 중소기업vs대기업vs외국계기업 취업의 진실은?",https://www.youtube.com/watch?v=EBGjgalUS1I
0w_lS2VCv-k,2021-03-26,1084,59093,,N,수출통관/신고|결제/신용장/외환|세무/노무/기타|자격증/시험,"해외가족에게 생활비 송금, 증여세도 쌓인다!",https://www.youtube.com/watch?v=0w_lS2VCv-k
0fvcwB7slrc,2021-03-24,1535,5488,,N,자격증/시험|취업/커리어,전문자격사의 강사진입과 학원 커리큘럼에 대한 이야기 (feat 임예진 관세사),https://www.youtube.com/watch?v=0fvcwB7slrc
ssnO8J7N800,2021-03-19,1586,28515,,N,자격증/시험|취업/커리어,"관세사 10년, 업계스타강사 임예진관세사 진솔토크!  언니or누나 말 잘들어",https://www.youtube.com/watch?v=ssnO8J7N800
fHpxy2HlQf4,2021-03-17,753,3565,,N,수출통관/신고|자격증/시험,"관세사 합격후기. 특히, 유예생들은 그때 디테일한 것 다 가져가셔야 해요",https://www.youtube.com/watch?v=fHpxy2HlQf4
MmdX5ZqXrfA,2021-03-15,223,1382,,N,수출통관/신고|결제/신용장/외환|자격증/시험|취업/커리어,현직자를 위한 무역실무 신간 책이 출간되었어요.  무료증정이벤트 합니다!,https://www.youtube.com/watch?v=MmdX5ZqXrfA
ppYYkfrZh3k,2021-03-12,1349,21254,M12 결제/신용장/외환,Y,수출통관/신고|결제/신용장/외환|자격증/시험,"야야 이거 들어봐, 보증신용장 1000%이해가능 (feat. 청구보증 독립보증)",https://www.youtube.com/watch?v=ppYYkfrZh3k
GmPBlC1wAwA,2021-03-09,680,6332,,N,수출통관/신고|자격증/시험,2유예 관세사시험 합격. 거리가 멀다고 걱정 노노하세요! 저는 진짜 집에서만 공부했습니다,https://www.youtube.com/watch?v=GmPBlC1wAwA
JgVZSfVBtl4,2021-03-05,603,28345,,N,수출통관/신고|자격증/시험|취업/커리어,(실제상황) 수습관세사 출근하자마자 사고가 터졌다...미치겠네..,https://www.youtube.com/watch?v=JgVZSfVBtl4
8srf022ycq8,2021-03-03,516,39050,,N,수출통관/신고|자격증/시험,관세사 수석합격 후 대형법인에 들어갔습니다...그런데,https://www.youtube.com/watch?v=8srf022ycq8
bwG15mxi04Q,2021-02-26,602,5277,M06 수출통관/수출신고,Y,수출통관/신고|통관일반/관세|원산지/FTA|무역서류|자격증/시험,[수출신고 통관절차] 실무적으로 하나하나 설명드립니다,https://www.youtube.com/watch?v=bwG15mxi04Q
yDE2_bEheFQ,2021-02-23,541,6519,,N,수입통관/신고|통관일반/관세|자격증/시험,"'3유예' 관세사합격자 曰: ""저는 암기식을 하나도 안따고 ...""",https://www.youtube.com/watch?v=yDE2_bEheFQ
QJBj1arCeXM,2021-02-19,682,19172,,N,자격증/시험|취업/커리어,"대학원 진학에 대한 고민하시는 분들 비용, 과제, 졸업요건 등등 알려드립니다",https://www.youtube.com/watch?v=QJBj1arCeXM
cWSGOW9o8sI,2021-02-17,654,6301,,N,수입통관/신고|통관일반/관세|자격증/시험,3동차로 관세사시험 합격!  전 이렇게 해서 합격했습니다.,https://www.youtube.com/watch?v=cWSGOW9o8sI
nzy_L8DCkjw,2021-02-12,167,2868,,N,수입통관/신고|통관일반/관세|자격증/시험,(선공개) 관세사 수험공부하시고 하시려는분들에게 헌정합니다.,https://www.youtube.com/watch?v=nzy_L8DCkjw
ijk15Bv5OoQ,2021-02-09,954,5157,M07 수입통관/수입신고,Y,수입통관/신고|통관일반/관세,실무적으로 알려주는 수입신고 Q&A 좋은정보만 모았습니다,https://www.youtube.com/watch?v=ijk15Bv5OoQ
e3Pg8-I-UJY,2021-02-04,830,7415,,N,원산지/FTA|운송/B/L/포워딩|결제/신용장/외환|자격증/시험,"변호사,법무사,변리사,회계사..등등 8대 전문자격사 등록비용 비교분석",https://www.youtube.com/watch?v=e3Pg8-I-UJY
L09JnWuwgD4,2021-02-02,511,23013,,N,원산지/FTA|운송/B/L/포워딩|결제/신용장/외환|자격증/시험,"모든 무역자격증! 야,너두 가능해 수험기간과 팁, 시험정보 등을 알려드립니다.",https://www.youtube.com/watch?v=L09JnWuwgD4
_9Kjm0Vy4ko,2021-01-28,530,1310,,N,통관일반/관세,SBS 공중파 '살맛나는 오늘' 방송출연했습니다!! (ft. 비하인드),https://www.youtube.com/watch?v=_9Kjm0Vy4ko
FwfmaRxncAI,2021-01-26,547,10078,M10 운송/물류/B/L,Y,운송/B/L/포워딩|결제/신용장/외환,낼 땐 내더라도 어떤 비용인지는 알고 냅시다!  해상운임항목 총정리,https://www.youtube.com/watch?v=FwfmaRxncAI
jdPKKi6rBss,2021-01-21,868,15464,,N,결제/신용장/외환,[외국환거래법] 유학자금으로 해외에서 집을 살 수 있다?? 외국환거래법으로 보는 해외부동산,https://www.youtube.com/watch?v=jdPKKi6rBss
_DFl3bQemgg,2021-01-19,503,7686,,N,인코텀즈|결제/신용장/외환|자격증/시험,외환전문역 2종 자격증입니다 근데 이제 약간의 합격팁을 곁들인...,https://www.youtube.com/watch?v=_DFl3bQemgg
h_YqTNO6eYE,2021-01-15,893,101702,M12 결제/신용장/외환,Y,결제/신용장/외환|자격증/시험,왕초보시점으로 설명해주는 신용장! 바로 이해가능!,https://www.youtube.com/watch?v=h_YqTNO6eYE
zEZChPIBEIc,2021-01-12,758,43517,,N,자격증/시험,드뎌..관세사 합격!! 4년동안 공부하면서 팁들을 말씀드려봅니다,https://www.youtube.com/watch?v=zEZChPIBEIc
dnnpnakBmSA,2021-01-08,482,3927,M09 원산지/FTA,Y,원산지/FTA,이 영상 하나로! 원산지증명서 발급절차 정리해준다요~,https://www.youtube.com/watch?v=dnnpnakBmSA
BVNY4zxNhzo,2021-01-05,782,3904,,N,자격증/시험,"국제무역사 자격증 시험대비, 새해부터 바뀌는 개정사항 정리 해드립니다( +2개 신설됨)",https://www.youtube.com/watch?v=BVNY4zxNhzo
o0mhUQaDi8M,2020-12-30,639,3051,M03 계약/분쟁/사기,Y,결제/신용장/외환|분쟁/사기/중재,의심하고 또 의심하라! 무역사기를 감지하는 방법,https://www.youtube.com/watch?v=o0mhUQaDi8M
J6pDbRV0rKI,2020-12-29,383,1235,M09 원산지/FTA,Y,원산지/FTA,인증수출자 제도란 무엇일까요? (ft. FTA),https://www.youtube.com/watch?v=J6pDbRV0rKI
f67BL0wUcyc,2020-12-22,644,3882,,N,자격증/시험|취업/커리어,"(관세사 수험 4년, 각종 자격증들을 딴) 현직에서 일하고 있는 관세사 합격자가 말합니다.",https://www.youtube.com/watch?v=f67BL0wUcyc
IaCaU6rFZdM,2020-12-18,549,32918,,N,수입통관/신고|통관일반/관세|자격증/시험,2021년부터 바뀌는 무역영어 공부전략 및 정보 (공부하기전에 얼른보세요!!),https://www.youtube.com/watch?v=IaCaU6rFZdM
uOwSO3nB9WI,2020-12-15,611,1385,M09 원산지/FTA,Y,통관일반/관세|원산지/FTA,2021년 새해부터 발효되는 한·영 FTA  미리 알아볼까요?,https://www.youtube.com/watch?v=uOwSO3nB9WI
eH-WTRG6RkA,2020-12-11,639,20541,,N,자격증/시험|취업/커리어,잠깐! 국제무역사 공부하기 전에 영상 시청 필수!,https://www.youtube.com/watch?v=eH-WTRG6RkA
V06pJMTW5O8,2020-12-08,517,4626,M07 수입통관/수입신고,Y,수입통관/신고|통관일반/관세|특수무역형태,"관세사 없이 쉽다 쉬워, 우편물(EMS)간이통관 및 사전분류 신청하기",https://www.youtube.com/watch?v=V06pJMTW5O8
dqL4xSm-Mvo,2020-12-04,691,6549,M06 수출통관/수출신고,Y,수출통관/신고|통관일반/관세,"관세사님 몰래 올립니다, 괜찮겠지?.. 유니패스 온라인으로 수출신고(자가통관) 하는 방법",https://www.youtube.com/watch?v=dqL4xSm-Mvo
m54eOB_72Wc,2020-12-01,929,46010,,N,결제/신용장/외환|개인/여행/직구,[외국환거래법] 해외송금 자주하면 세무조사 받을 수 있다는거 알고 계셨나요?..,https://www.youtube.com/watch?v=m54eOB_72Wc
coPVaEDD7Vg,2020-11-27,1003,2152,M02 인코텀즈,Y,인코텀즈,FCA 규칙 2편 당사자 의무 인코텀즈 (Incoterms) 2020,https://www.youtube.com/watch?v=coPVaEDD7Vg
XmcdQSh9rfc,2020-11-20,985,8400,M02 인코텀즈,Y,인코텀즈,FCA 규칙 1편 설명문 인코텀즈 (Incoterms) 2020,https://www.youtube.com/watch?v=XmcdQSh9rfc
ZufxW2HP28A,2020-11-18,880,497,,N,자격증/시험|취업/커리어,이게 도대체 뭔 게임이야... AI 면접 직접 체험 후 꿀팁 대방출!,https://www.youtube.com/watch?v=ZufxW2HP28A
8aPnPWZkyvk,2020-11-12,901,2818,,N,취업/커리어,실제 기업에서 사용하는 마이다스아이티 AI 면접 보고왔습니다. AI 면접 완전분석,https://www.youtube.com/watch?v=8aPnPWZkyvk
fQ4fqDEu3_U,2020-11-02,615,35451,M12 결제/신용장/외환,Y,결제/신용장/외환,[외국환거래법] 해외에서 계좌개설하는게 외국환거래법 위반이라고?  (ft.해외예금계좌 대금결제),https://www.youtube.com/watch?v=fQ4fqDEu3_U
akNlMBWbilg,2020-10-29,589,8595,,N,통관일반/관세|무역규제/요건,[직구 목록통관] 밀수입하다가 걸리셨다고요..?!,https://www.youtube.com/watch?v=akNlMBWbilg
sQWjlcfbchw,2020-10-23,882,13895,M06 수출통관/수출신고,Y,수출통관/신고|통관일반/관세|무역서류,수출신고필증(수출면장) 완전해석!  이정도는 기본이죠,https://www.youtube.com/watch?v=sQWjlcfbchw
gAEDE7yxDsk,2020-10-19,509,0,,N,취업/커리어,"대우인터에서 삼성으로의 이직, 삼성그룹은 차갑죠...삼성vs대우,포스코",https://www.youtube.com/watch?v=gAEDE7yxDsk
LgM1u_TeME4,2020-10-15,1263,0,,N,취업/커리어,"종합무역상사 대우인터(현:포스코인터)에서만 20년, 경력자曰 꼭 대기업일 필요는 없어요 하지만 중요한건...",https://www.youtube.com/watch?v=LgM1u_TeME4
e8fpOm1nTLM,2020-10-12,1317,16458,M10 운송/물류/B/L,Y,운송/B/L/포워딩|무역서류,"속성강좌오픈합니다!  Air Way Bill(AWB), 항공화물운송장",https://www.youtube.com/watch?v=e8fpOm1nTLM
z19IibFdwuM,2020-10-01,757,3431,M08 HS/관세/환급,Y,통관일반/관세,방심하다 가산세 300만원 물었습니다.... 이런 실수 영상보시고 예방하세요...,https://www.youtube.com/watch?v=z19IibFdwuM
_mRga6eii1E,2020-09-28,1244,22162,M07 수입통관/수입신고,Y,수입통관/신고|무역서류,수입하시려는 분 꼭 참고하세요!  수입신고필증(수입면장) 완전해석,https://www.youtube.com/watch?v=_mRga6eii1E
BZfHmDfjox8,2020-09-25,686,36815,,N,취업/커리어,무역회사 취업스펙 이거는 꼭 필요해요!  뭘 준비해야될 지 막막하신분 영상주목!,https://www.youtube.com/watch?v=BZfHmDfjox8
tOrzmvP-7fI,2020-09-21,920,24354,,N,운송/B/L/포워딩|취업/커리어,대기업구매팀 15년 경력자 심층인터뷰 공개! [직무편],https://www.youtube.com/watch?v=tOrzmvP-7fI
UKhh0gntqn0,2020-09-17,361,556,,N,,"비대면 원격 화상강의 저보다 완벽하게 하는사람이 있을까요..?,실시간 송출 테스트까지 마쳤습니다.",https://www.youtube.com/watch?v=UKhh0gntqn0
goc7FJTFl4o,2020-09-11,1439,16591,M12 결제/신용장/외환,Y,결제/신용장/외환,"[무역전문가시리즈] 경고조차 없는 잔인한 외국환거래법 (feat. 국가부도의 날, 유아인)",https://www.youtube.com/watch?v=goc7FJTFl4o
k_1oM3uc8V0,2020-09-07,347,6902,,N,취업/커리어,"[무역회사취업] 대기업구매팀 15년, 종합무역상사 20년 (전) 현직자 인터뷰! 학벌, 토익, 제2외국어 뭐가 가장 중요할까?",https://www.youtube.com/watch?v=k_1oM3uc8V0
8BEO7nYGyrY,2020-08-25,700,23131,M08 HS/관세/환급,Y,통관일반/관세|자격증/시험,HS CODE  | 관세율표  | 품목분류  | 수출입통관 | 관세사,https://www.youtube.com/watch?v=8BEO7nYGyrY
Cw5T3Syrmjo,2020-08-21,500,6108,,N,무역금융/지원|세무/노무/기타|취업/커리어,급여명세서 해설 | 두루누리 사회보험 | 일자리안정자금 | 중소기업 정부지원 | 호갱님탈출,https://www.youtube.com/watch?v=Cw5T3Syrmjo
uZK6oYhQQ6g,2020-08-19,1077,28766,,N,무역금융/지원|세무/노무/기타|취업/커리어,급여명세서 해석 | 세전 세후 급여차이 | 4대보험 | 일자리안정자금 | 정부지원 | 신입사원 필수 | 연봉퇴직금 포함,https://www.youtube.com/watch?v=uZK6oYhQQ6g
YJSk8S67leY,2020-08-16,1284,23507,,N,자격증/시험,"[관세사시험 합격전략] 동차,유예 어떻게 공부를 해야될까?",https://www.youtube.com/watch?v=YJSk8S67leY
mVcl7p_4Ua8,2020-08-12,420,10909,,N,자격증/시험,무역영어 1급 합격수기 필수시청! 곧 시험이에요,https://www.youtube.com/watch?v=mVcl7p_4Ua8
GtiS_a43oDQ,2020-08-06,977,28353,M06 수출통관/수출신고,Y,수출통관/신고|수입통관/신고|통관일반/관세,"[수출입, 무역실무] 수출신고 수출통관? 이거 보면 쉽게 할 수 있어 참고로 수입신고보다 쉽습니다.",https://www.youtube.com/watch?v=GtiS_a43oDQ
cwxT8HIAboQ,2020-07-30,1221,8149,,N,인코텀즈|자격증/시험,[무역자격증] 수험생 필수영상. Incoterms(인코텀즈) 2020 기출문제 분석 및 해설,https://www.youtube.com/watch?v=cwxT8HIAboQ
995xqSA0tPM,2020-07-30,365,8715,M02 인코텀즈,Y,인코텀즈,"[수출입, 무역실무] Incoterms(인코텀즈) 2020, 한번보면 바로 실무 적용한다? 믿어봐",https://www.youtube.com/watch?v=995xqSA0tPM
Cy8XFovMkHs,2020-07-29,1188,121828,M02 인코텀즈,Y,인코텀즈,"[수출입, 무역실무] Incoterms(인코텀즈)2020 모든조건 한.방.정.리!",https://www.youtube.com/watch?v=Cy8XFovMkHs
nA7tpmv59wY,2020-07-24,974,12470,,N,취업/커리어,"[현직자를 만나다] 대기업, 공공기관, 관세사무소, 관세법인 다 경험해 본 현재 외국계 기업을 다니는 베테랑 관세사의 이야기",https://www.youtube.com/watch?v=nA7tpmv59wY
3b5bAAefXKM,2020-07-21,1471,10407,M02 인코텀즈,Y,인코텀즈,Incoterms(인코텀즈) 2020 EXW 완전분석,https://www.youtube.com/watch?v=3b5bAAefXKM
8XGhqrovR7s,2020-07-09,937,26341,,N,운송/B/L/포워딩|자격증/시험|취업/커리어,[현직자를 만나다] 관세사 수험 4년. 실패자라구요? 후회는 없어요,https://www.youtube.com/watch?v=8XGhqrovR7s
6iYksKbSKYA,2020-07-06,707,3110,,N,자격증/시험,이거 도대체 어떻게 공부해야돼? 관세사시험 과목중 하나 무역실무,https://www.youtube.com/watch?v=6iYksKbSKYA
ipK_VaAsILI,2020-06-23,729,3945,,N,통관일반/관세|자격증/시험|취업/커리어,"[현직자를 만나다]  4년차 합격자가 말하는 관세사 수험공부전략 및 현직생활, 그리고 멘탈관리",https://www.youtube.com/watch?v=ipK_VaAsILI
Yx0eNDhoro4,2020-06-16,379,11984,,N,원산지/FTA|자격증/시험,"[무역자격증] 전공자도 비전공자도 다 함께 생소한 시험 원산지관리사 공부방법, 꿀팁 대방출",https://www.youtube.com/watch?v=Yx0eNDhoro4
1exGmZYP8pY,2020-06-11,804,2005,,N,자격증/시험|취업/커리어,"수험생, 실무자 필수 영상! 같은 단어인데 다른 번역 도대체 왜????",https://www.youtube.com/watch?v=1exGmZYP8pY
F-ZZ19XwBhU,2020-06-09,682,2145,M11 적하보험,Y,보험|분쟁/사기/중재,[수출입 무역실무] 70만원이라 우기길래 7200만원을 받아내버렸다.. 해상운송협약 헤이그규칙 판례,https://www.youtube.com/watch?v=F-ZZ19XwBhU
mgH5czuHD_o,2020-05-27,1561,2109,M09 원산지/FTA,Y,통관일반/관세|원산지/FTA|운송/B/L/포워딩,[무역전문가 시리즈] 현직자를 위한 FTA 필수지식. FTA 특례법 1장 총칙 (1조~3조),https://www.youtube.com/watch?v=mgH5czuHD_o
tUvr1uYgOzc,2020-05-21,1163,38293,M10 운송/물류/B/L,Y,운송/B/L/포워딩,"[수출입,무역실무] master, house B/L 100% 구분 현존 최고의 강의라 말할 수 있습니다",https://www.youtube.com/watch?v=tUvr1uYgOzc
hRdux3X-C_c,2020-05-14,891,6978,,N,자격증/시험,"이거 보고 고민해결했다!  같지만 다른 과목 무역영어 (관세사, 국제무역사, 상공회의소 무역영어 1급)",https://www.youtube.com/watch?v=hRdux3X-C_c
cu-8RmWs45k,2020-05-08,997,11654,M09 원산지/FTA,Y,원산지/FTA,"[수출입,무역실무]WTO출범부터 FTA유래까지 어때 내 손을 잡아볼텐가?",https://www.youtube.com/watch?v=cu-8RmWs45k
YrA2gR4juck,2020-04-28,689,6906,M11 적하보험,Y,보험,"[수출입,무역실무] 무역현직자 필수, 해상보험증권 완벽해설! 이것만 알면 된다",https://www.youtube.com/watch?v=YrA2gR4juck
_d1SX8JR8MU,2020-04-22,353,1961,M11 적하보험,Y,보험,"[수출입 무역실무] 몬트리올협약 한도 인상, 대한민국 상법도 좀 개정하자...",https://www.youtube.com/watch?v=_d1SX8JR8MU
q7D55jWw7uk,2020-04-21,905,21198,M11 적하보험,Y,보험|자격증/시험,"[수출입,무역실무] 해상보험의 역사부터 용어정리까지 무역회사 현직자 필수영상",https://www.youtube.com/watch?v=q7D55jWw7uk
3SHrcFqcojQ,2020-04-06,724,9774,M04 무역서류,Y,통관일반/관세|무역서류,[수출입 무역실무] 송장(invoice)의 작성방법과 양식해설,https://www.youtube.com/watch?v=3SHrcFqcojQ
27ktdJdzhZw,2020-03-30,762,10366,M04 무역서류,Y,통관일반/관세|무역서류,"[수출입 무역실무] 인보이스Invoice, 송장의 모든것 (상업송장,세관송장,영사송장,공용송장)",https://www.youtube.com/watch?v=27ktdJdzhZw
TplGj7OT0f8,2020-03-24,701,4202,,N,자격증/시험,"시험일2/15, 국제무역사1급 결과는? 합격하면 100만원!",https://www.youtube.com/watch?v=TplGj7OT0f8
Py-FeWDm17k,2020-03-20,1191,907,M13 규제/요건,Y,무역규제/요건,[수출입 무역실무] 법으로 알아보는 마스크수출제한 (ft. WTO 자유무역협정에서 제소가 가능해?),https://www.youtube.com/watch?v=Py-FeWDm17k
1zmS4vL7dvg,2020-03-10,909,1421,,N,자격증/시험,"코로나 19, 국가시험 줄줄이 연기, 수험생 멘탈붕괴, 익명카페 반응 도서관 폐쇄. 집에서 공부할 수 있나요?",https://www.youtube.com/watch?v=1zmS4vL7dvg
jvJrfxzHeCA,2020-03-06,879,26320,M07 수입통관/수입신고,Y,수입통관/신고|통관일반/관세,"[수입통관절차,수입신고절차] 2편 신고시기와 납부방법",https://www.youtube.com/watch?v=jvJrfxzHeCA
No8fcwazDHw,2020-02-27,1104,103970,M08 HS/관세/환급,Y,수입통관/신고|통관일반/관세,"[수입통관절차, 수입신고절차] 1편 과세의 4대요건 왕초보 탈출하기!",https://www.youtube.com/watch?v=No8fcwazDHw
A84boxAthtY,2020-02-20,637,432,,N,취업/커리어,"[직업탐방]교육 관련 촬영, 편집자는 어떨까? +인강이 만들어지는법 +정재환 관세사님과 에피소드",https://www.youtube.com/watch?v=A84boxAthtY
qFHJ8uWDCbU,2020-02-14,1063,6853,,N,자격증/시험,"[무역자격증] 현존 국제무역 최고의 자격증! 국제무역자격증(CDCS, CSDG, CITF)",https://www.youtube.com/watch?v=qFHJ8uWDCbU
9oG4552HZQA,2020-02-07,712,25922,M04 무역서류,Y,무역서류,[수출입 무역실무] 구매확인서가 있어야 되는 이유,https://www.youtube.com/watch?v=9oG4552HZQA
BI-etT8w_nA,2020-01-31,1041,5214,,N,통관일반/관세|자격증/시험,"[무역자격증] 무역 최고의 자격증, 한국에서는 관세사! 일본에서는 통관사(通關士)! 통관사 접수방법과 시험소개",https://www.youtube.com/watch?v=BI-etT8w_nA
o7uYaUOFszo,2020-01-22,241,28060,,N,자격증/시험,[무역자격증] 합격자가 알려주는 무역영어1급 공부방법!,https://www.youtube.com/watch?v=o7uYaUOFszo
lMBlhsmkxbQ,2020-01-15,57,1233,,N,통관일반/관세|자격증/시험,"과연 할 수 있을까?? 무역의 '무'자도 모르는 애, 통관 실무경력 6년의 베테랑에게 주어진 빅딜.              (국제무역사 3주합격 프로젝트)",https://www.youtube.com/watch?v=lMBlhsmkxbQ
xvmZe5p7g9g,2020-01-03,458,10796,,N,무역규제/요건,"[수출입 무역실무] [짝퉁가방, 합법일까? 불법일까?] 공항에서 조사받고 몰수의 위험까지 있다고?!",https://www.youtube.com/watch?v=xvmZe5p7g9g
Ib8c4m8W_eI,2019-12-26,418,9379,,N,개인/여행/직구,"[수출입 무역실무] [해외거주자,유학생]해외에서 쓰던 물건들 한국 들어올 때 관세를 또 낸다고?",https://www.youtube.com/watch?v=Ib8c4m8W_eI
jv02C5yui_k,2019-12-20,287,525,,N,,[feat.구글애드센스 핀번호 등록하기] 앞으로의 포부와 감사인사,https://www.youtube.com/watch?v=jv02C5yui_k
MYQGdEsoplw,2019-12-05,484,10889,,N,취업/커리어,[직업탐방]관세사무원의 하루 (ft. 워킹맘),https://www.youtube.com/watch?v=MYQGdEsoplw
Snkz450b5-k,2019-11-27,371,1766,,N,취업/커리어,해외취업 면접보고 온 후기,https://www.youtube.com/watch?v=Snkz450b5-k
IwXQBR1OyHY,2019-11-20,818,15911,M12 결제/신용장/외환,Y,결제/신용장/외환|자격증/시험,[수출입 무역실무] 쉽게설명하는 신용장 해석방법 part.2,https://www.youtube.com/watch?v=IwXQBR1OyHY
2b51gipXpFc,2019-11-13,1260,33433,M10 운송/물류/B/L,Y,운송/B/L/포워딩,"[수출입 무역실무] [더 이상 헤매지마세요] 선하증권 해석방법! (ft.상단,중단,하단)",https://www.youtube.com/watch?v=2b51gipXpFc
ZxGtuSHzSEc,2019-11-03,1081,36203,M12 결제/신용장/외환,Y,운송/B/L/포워딩|결제/신용장/외환,[수출입 무역실무] 신용장 작성방법에 대해 쉽게 알아보자규~!(ft.신용장해석part.1),https://www.youtube.com/watch?v=ZxGtuSHzSEc
IekLUOglIEE,2019-10-23,210,1423,,N,인코텀즈,"인코텀즈2020 번역판,영문판 아주 간단한 리뷰! (ft. 언박싱)",https://www.youtube.com/watch?v=IekLUOglIEE
4oQyqmSsV8g,2019-10-21,277,1290,,N,,밀착카메라) 관세사님을 위한 서프라이즈 생일파티(faet. 미ㅇㅅ),https://www.youtube.com/watch?v=4oQyqmSsV8g
l2PvrVI6U0Y,2019-10-17,879,15150,M12 결제/신용장/외환,Y,결제/신용장/외환,"[수출입 무역실무] 쉽게 설명한 무역거래에서의 환어음 작성방법,양식해설!",https://www.youtube.com/watch?v=l2PvrVI6U0Y
MJGSekG_e4I,2019-10-06,464,9682,,N,자격증/시험|취업/커리어,"노량진vs신림,  고시준비 당신의 선택은?",https://www.youtube.com/watch?v=MJGSekG_e4I
2vVT6RDWdMY,2019-09-25,889,2023,,N,세무/노무/기타,"개인 사업자 필수항목! 종합소득세, 원천세, 4대보험 (ft. 홈텍스)",https://www.youtube.com/watch?v=2vVT6RDWdMY
7fsvfuJEu_o,2019-09-18,836,32305,M02 인코텀즈,Y,인코텀즈,[수출입 무역실무] Incoterms(인코텀즈) 2020 개정 인코텀즈 2010과의 변경사항은?,https://www.youtube.com/watch?v=7fsvfuJEu_o
gMUsb6M-sWM,2019-09-09,938,2451,,N,세무/노무/기타,"원금보장해준다해놓고 100%손실... ELS, DLS ,ELF, DLF 악마의거래",https://www.youtube.com/watch?v=gMUsb6M-sWM
swyS6DXCmZg,2019-09-05,203,3482,,N,취업/커리어,관세사의 특별한 하루 (feat. 수출회사 채용공고),https://www.youtube.com/watch?v=swyS6DXCmZg
9HYKPlCdsIc,2019-08-27,839,1433,,N,세무/노무/기타,아니 도대체 무슨 생각으로 이런 법을 만든걸까요?..,https://www.youtube.com/watch?v=9HYKPlCdsIc
JDbYMI91u6U,2019-08-20,318,356,,N,,"펫박람회후기 뱀, 개구리도 있네?! (feat. 다음생에는 개로태어날래..)",https://www.youtube.com/watch?v=JDbYMI91u6U
QMPL3LKHGAA,2019-08-15,1094,103491,,N,운송/B/L/포워딩|취업/커리어,무역회사의 종류와 직무분석! (구독자 요청영상),https://www.youtube.com/watch?v=QMPL3LKHGAA
PbzkYzrfpPE,2019-08-08,670,2506,M13 규제/요건,Y,무역규제/요건,"현직 관세사의 일본 경제보복, 수출규제 이유 설명 - 화이트리스트(백색국가) 넌 도대체 뭐니?",https://www.youtube.com/watch?v=PbzkYzrfpPE
wKtFLA9UBLw,2019-08-02,488,4271,,N,자격증/시험|취업/커리어,공시생 44만명 시대!  노량진으로 갈까? 말까?,https://www.youtube.com/watch?v=wKtFLA9UBLw
G6y1fIbn4hg,2019-07-26,939,2851,M03 계약/분쟁/사기,Y,운송/B/L/포워딩|무역서류|분쟁/사기/중재,너 이새기 잘걸렸다. 무역사기범 판별법(2/2),https://www.youtube.com/watch?v=G6y1fIbn4hg
kqpvixw-x8k,2019-07-22,526,5449,M03 계약/분쟁/사기,Y,분쟁/사기/중재,생각보다 많이 당하는 무역사기..나쁜놈들.. (1/2) -재업로드-,https://www.youtube.com/watch?v=kqpvixw-x8k
Ku-PFkN0B6g,2019-07-11,832,71369,M10 운송/물류/B/L,Y,운송/B/L/포워딩|무역서류|자격증/시험,"[수출입 무역실무] B/L, B/L!! 비이엘!!! 무역할 때 무조건 듣는 말 (feat.선하증권)",https://www.youtube.com/watch?v=Ku-PFkN0B6g
dErHtVDoUg0,2019-07-09,737,1561,,N,취업/커리어,역대 최대기업참가?? 무역인의 거래처찾기 프로젝트! (feat. 2019 coex 수입상품박람회),https://www.youtube.com/watch?v=dErHtVDoUg0
h-bTPvLXaGA,2019-06-28,614,16160,M12 결제/신용장/외환,Y,결제/신용장/외환,"[수출입 무역실무] 외국환거래법, 잘못알았다간 모르는사이 벌금물어요...요점만 쏙쏙, 귀에 쏙쏙 박아드림!(feat.신고)",https://www.youtube.com/watch?v=h-bTPvLXaGA
N94Wh1-wTz0,2019-06-21,203,794,,N,개인/여행/직구,"해외현지, 현금vs카드(feat. 해외현지 카드결제시 원화로 결제하면 안되는 이유)",https://www.youtube.com/watch?v=N94Wh1-wTz0
LyDd8uHBowE,2019-06-17,239,514,,N,특수무역형태|개인/여행/직구,"다이어트, 건강기능식품 해외직구 조심해야할 사항!",https://www.youtube.com/watch?v=LyDd8uHBowE
dDvn1SRtrsQ,2019-06-11,61,657,,N,자격증/시험,관세사 2차 무역실무 합격을 향하여! 얘들아 전략적으로 가는거야(feat. 닥터스ㅌ..전자레인지),https://www.youtube.com/watch?v=dDvn1SRtrsQ
vWSQktD4l4I,2019-06-05,1037,100212,M12 결제/신용장/외환,Y,결제/신용장/외환|자격증/시험,[수출입 무역실무] 신용장(LC) 끝판정리 관세사가 말하는 해외대금 결제방식!,https://www.youtube.com/watch?v=vWSQktD4l4I
r00_RYPMFYU,2019-05-29,208,1597,,N,통관일반/관세|결제/신용장/외환,미중 무역전쟁 환율과 상계관세 간단정리,https://www.youtube.com/watch?v=r00_RYPMFYU
rukAqGfEViE,2019-05-29,835,38035,M02 인코텀즈,Y,인코텀즈,[수출입 무역실무] 인코텀즈(INCOTERMS 2010)제대로 알고 무역합시다!,https://www.youtube.com/watch?v=rukAqGfEViE
OmaTvVJQZsU,2019-05-27,271,1483,,N,결제/신용장/외환|개인/여행/직구,"#2)정재환관세사- 베트남동, 중국 위안, 공항에서 환전?? 호갱 안 당하기",https://www.youtube.com/watch?v=OmaTvVJQZsU
UNNGKsXM2As,2019-05-22,901,1585,,N,결제/신용장/외환|개인/여행/직구,#1)정재환 관세사- 해외여행갈때 환전싸게하는 법! 환율꿀팁 대공개~,https://www.youtube.com/watch?v=UNNGKsXM2As
mP1lNWhOLbc,2019-05-16,909,21078,,N,자격증/시험|취업/커리어,정재환 관세사- 취업 면접 스토리와 해주고싶은 말. 무역업에 취업하기 위해 제2외국어가 중요한이유,https://www.youtube.com/watch?v=mP1lNWhOLbc
BCvHp4xaRmY,2019-05-14,229,3596,,N,취업/커리어,이곳은 사무실인가? 피씨방? 오락실인가? 평범하지만 평범하지 않은 정재환 관세사무소 탐방기 브이로그,https://www.youtube.com/watch?v=BCvHp4xaRmY
ON4RW3N9su0,2019-05-03,936,38806,M02 인코텀즈,Y,인코텀즈|운송/B/L/포워딩|취업/커리어,[실무자 무역실무] 무역인 가즈아! 인코텀즈!(INCOTERMS) & 정형거래조건 이야기,https://www.youtube.com/watch?v=ON4RW3N9su0
j0XkTqGpvvw,2019-04-16,495,34723,M12 결제/신용장/외환,Y,운송/B/L/포워딩|결제/신용장/외환|자격증/시험|취업/커리어,[실무자 무역실무] 정재환관세사_ 무역결제 지급수단 상식! 환어음을 이해하기 위한 마지막단계! 환어음,https://www.youtube.com/watch?v=j0XkTqGpvvw
gYmjccwc1cg,2019-04-12,660,19733,M12 결제/신용장/외환,Y,결제/신용장/외환|취업/커리어,[실무자 무역실무] 정재환관세사_ 무역결제 지급수단 상식! 환어음을 이해하기 위한 2단계! 약속어음,https://www.youtube.com/watch?v=gYmjccwc1cg
XkTgZCYN-QE,2019-04-09,471,19802,M12 결제/신용장/외환,Y,운송/B/L/포워딩|결제/신용장/외환|자격증/시험|취업/커리어,[실무자 무역실무] 정재환관세사 무역결제 지급수단 상식! 환어음을 이해하기 위한 1단계!,https://www.youtube.com/watch?v=XkTgZCYN-QE
IIqZCM-rRn0,2019-04-04,705,38602,M01 무역 기초/용어,Y,기초/용어|운송/B/L/포워딩|결제/신용장/외환|자격증/시험|취업/커리어,[실무자 무역실무] 송하인?!수하인?! 무역기초용어 정리! 정재환 현직관세사가 말해준다고??,https://www.youtube.com/watch?v=IIqZCM-rRn0
Rn6hcMGKUjo,2019-03-22,882,2676,,N,통관일반/관세|개인/여행/직구,"[실무자 무역실무] 해외 명품백, 현지에서 부가세 받는방법",https://www.youtube.com/watch?v=Rn6hcMGKUjo
j5GWiFRDGiM,2019-03-14,411,9505,,N,원산지/FTA|개인/여행/직구,[실무자 무역실무] 정재환관세사- 해외여행가기전 알아야 할 FTA상식! FTA 명품백 관세 받으려는자vs안내려는자!,https://www.youtube.com/watch?v=j5GWiFRDGiM
UIBsOmcNH3Q,2019-02-28,884,11682,,N,특수무역형태|개인/여행/직구,[실무자 무역실무] 해외 명품가방 신고안하면 세금은??,https://www.youtube.com/watch?v=UIBsOmcNH3Q
hU_QptMCsWA,2019-02-22,793,79620,,N,통관일반/관세|특수무역형태|개인/여행/직구,[실무자 무역실무] 정재환 관세사 -  왜 나만 걸리나??? 모르면 쉽게 당하는 관세 폭탄!!!! 해외여행 즐겁게 다녀오는 꿀팁!!,https://www.youtube.com/watch?v=hU_QptMCsWA
ieYmqZKSUFc,2019-02-15,653,17507,,N,수입통관/신고|통관일반/관세|특수무역형태|개인/여행/직구,"[실무자 무역실무] 정재환 관세사 -  특송, EMS 우편물 수입 해외직구 하는 꿀팁!(면세, 간이신고, 수입통관 하는법!)",https://www.youtube.com/watch?v=ieYmqZKSUFc
agvIs77uHLE,2019-02-12,758,30379,,N,운송/B/L/포워딩|결제/신용장/외환|자격증/시험|취업/커리어,[자격증]정재환 관세사 - 무역취업! 자격증 고민을 덜어준다!!! 현직관세사 정재환쓰앵님의 무역이야기,https://www.youtube.com/watch?v=agvIs77uHLE
Ut43W9tq_V4,2019-01-31,576,28004,,N,운송/B/L/포워딩|자격증/시험|취업/커리어,"정재환 관세사 - 저를 믿으셔야 합니다  ""현직 관세사"" 정재환 쓰앵님의 무역취업스토리!!",https://www.youtube.com/watch?v=Ut43W9tq_V4
NDFk4f3zWfs,2019-01-28,20,913,,N,자격증/시험|취업/커리어,현직 관세사!!  정재환 관세사의 무역이야기 Coming Soon !,https://www.youtube.com/watch?v=NDFk4f3zWfs
