코드군,명칭,코드테이블,개별코드
BL_TPCD,BL구분코드,,N
BL_DVDE_RCD,BL분할사유코드,,N
BL_PCD,BL유형코드,,N
CIQ_PRCD_PLC_TPCD,CIQ수속장소구분코드,,N
COB_CARG_INSC_RSCD,COB화물검사결과코드,,N
COB_CARG_CHNG_RCD,COB화물변경사유코드,,N
CY_CFS_TPCD,CY_CFS구분코드,,N
FIU_FNIN_CD,FIU금융기관코드,,N
FTA_ORCY_DTRM_BASE_CD,FTA원산지결정기준코드,,N
FTA_ORCY_DTRM_BASE_CD_01,FTA원산지결정기준코드_01,,N
FTA_ORCY_DTRM_BASE_CD_02,FTA원산지결정기준코드_02,,N
FTA_ORCY_DTRM_BASE_CD_03,FTA원산지결정기준코드_03,,N
FTA_ORCY_DTRM_BASE_CD_04,FTA원산지결정기준코드_04,,N
FTA_ORCY_DTRM_BASE_CD_05,FTA원산지결정기준코드_05,,N
FTA_ORCY_DTRM_BASE_CD_06,FTA원산지결정기준코드_06,,N
FTA_ORCY_DTRM_BASE_CD_07,FTA원산지결정기준코드_07,,N
FTA_ORCY_DTRM_BASE_CD_08,FTA원산지결정기준코드_08,,N
FTA_ORCY_DTRM_BASE_CD_09,FTA원산지결정기준코드_09,,N
FTA_ORCY_DTRM_BASE_CD_10,FTA원산지결정기준코드_10,,N
FTA_ORCY_DTRM_BASE_CD_11,FTA원산지결정기준코드_11,,N
FTA_ORCY_DTRM_BASE_CD_12,FTA원산지결정기준코드_12,,N
FTA_ORCY_DTRM_BASE_CD_13,FTA원산지결정기준코드_13,,N
FTA_ORCY_DTRM_BASE_CD_14,FTA원산지결정기준코드_14,,N
FTA_ORCY_DTRM_BASE_CD_15,FTA원산지결정기준코드_15,,N
FTA_ORCY_DTRM_BASE_CD_16,FTA원산지결정기준코드_16,,N
FTA_ORCY_DTRM_BASE_CD_17,FTA원산지결정기준코드_17,,N
IMDG_DNAR_TPCD,IMDG위험물구분코드,,N
PRC_DCLR_ITEM_CD,가격신고항목코드,,N
PRC_COND_CD,가격조건코드,,N
ADTX_EXMP_RCD,가산세면제사유코드,,N
FMLY_RLCD,가족관계코드,,N
SIML_EXP_INSC_RSCD,간이수출검사결과코드,,N
SRVL_ANAY_TRGT_TPCD,감시분석대상구분코드,,N
OPBG_INSC_BRKD_PRCS_STCD,개장검사내역처리상태코드,,N
OPBG_INSC_CMDT_CFRM_RSCD,개장검사물품확인결과코드,,N
DLNG_BSS_DOC_TPCD,거래근거문서구분코드,,N
RSDN_STCD,거주상태코드,,N
CNSC_MCHN_RGSR_ITT_CD,건설기계등록기관코드,,N
CNSC_MCHN_BSOP_CD,건설기계업무코드,,N
CNSC_MCHN_KCAR_CD,건설기계차종코드,,N
INSC_QUAN_ITT_CD,검사검역기관코드,,N
INSC_QUAN_BLNG_ITT_CD,검사검역소속기관코드,,N
INSC_QUAN_APNT_PCD,검사검역지정유형코드,,N
INSC_TRGT_NNAPNT_RCD,검사대상비지정사유코드,,N
INSC_TRGT_RELE_RCD,검사대상해제사유코드,,N
INSC_MCD,검사방법코드,,N
DTCT_INSC_PRCS_STCD,검색기검사처리상태코드,,N
DFCT_DSPS_RCD,결손처분사유코드,,N
STLM_TPCD,결제구분코드,,N
STLM_MCD,결제방법코드,,N
EBK_KCD,경제권종류코드,,N
DPRT_CD,계코드,,N
CHRG_RCD,고발사유코드,,N
CHRG_OPIN_CD,고발의견코드,,N
CHRG_DSPS_CD,고발처분코드,,N
NFCPN_PCD,고지유형코드,,N
NFCPN_PCD_01,고지유형코드_01,,N
NFCPN_PCD_02,고지유형코드_02,,N
NFCPN_PCD_03,고지유형코드_03,,N
NFCPN_PCD_04,고지유형코드_04,,N
NFCPN_PCD_05,고지유형코드_05,,N
NFCPN_PCD_06,고지유형코드_06,,N
NFCPN_PCD_07,고지유형코드_07,,N
NFCPN_PCD_08,고지유형코드_08,,N
NFCPN_PCD_09,고지유형코드_09,,N
NFCPN_PCD_10,고지유형코드_10,,N
NFCPN_PCD_11,고지유형코드_11,,N
NFCPN_PCD_12,고지유형코드_12,,N
NFCPN_PCD_13,고지유형코드_13,,N
NFCPN_PCD_14,고지유형코드_14,,N
NFCPN_PCD_15,고지유형코드_15,,N
NFCPN_PCD_16,고지유형코드_16,,N
NFCPN_PCD_17,고지유형코드_17,,N
EXCS_DRWB_ADCH_PCD,과다환급추징유형코드,,N
FNDF_CD,과징금코드,,N
DVSN_CD,과코드,,N
CNOR_CD,관계기관코드,,N
WTJR_ENTP_TPCD,관내입항지구분코드,,N
MT_TRGT_CARG_INSC_RSCD,관리대상화물검사결과코드,,N
MT_TRGT_CARG_INSC_TPCD,관리대상화물검사구분코드,,N
MT_TRGT_CARG_HNWR_SELC_RCD,관리대상화물수작업선별사유코드,,N
MT_TRGT_CARG_TKAC_RSCD,관리대상화물조치결과코드,,N
MT_TRGT_CARG_WGHT_OVER_TPCD,관리대상화물중량초과구분코드,,N
MT_TRGT_CARG_RELE_RCD,관리대상화물해제사유코드,,N
LCA_DLNG_REL_STTM_TPCD,관세사거래관계기재구분코드,,N
LCA_INSC_OPIN_STTM_TPCD,관세사검사의견기재구분코드,,N
LCA_PR_RSTN_RCD,관세사별제재사유코드,,N
LCA_CMNN_TPCD,관세사표창구분코드,,N
LCA_PRNM_STSZ_STTM_TPCD,관세사품명규격기재구분코드,,N
TRRT_TPCD,관세율구분코드,,N
KCS_RELA_ITT_CD,관세청관련기관코드,,N
KCS_RELA_ITT_CD_02,관세청관련기관코드_02,,N
KCS_RELA_ITT_CD_03,관세청관련기관코드_03,,N
KCS_RELA_ITT_CD_04,관세청관련기관코드_04,,N
KCS_RELA_ITT_CD_05,관세청관련기관코드_05,,N
KCS_RELA_ITT_CD_06,관세청관련기관코드_06,,N
KCS_RELA_ITT_CD_08,관세청관련기관코드_08,,N
KCS_RELA_ITT_CD_20,관세청관련기관코드_20,,N
KCS_INTP_CD,관세청업종코드,,N
JRSD_SNAR_SGN,관할보세구역,,N
EDTX_TX_TPCD,교육세과세구분코드,,N
CNTY_ITT_TPCD,국가기관구분코드,,N
CNTY_CD,국가코드,TB_COM011M,Y
NTS_JRPN_TPCD,국세청법인구분코드,,N
NTS_JRPN_CHACR_CD,국세청법인성격코드,,N
NTS_INTP_CD,국세청업종코드,,N
BRAU_CD,국코드,,N
IMPT_RCD,귀책사유코드,,N
BWRK_CLSS_TPCD,근무반구분코드,,N
CARN_CMDT_USG_CD,까르네물품용도코드,,N
NSKOR_TRDE_TPCD,남북교역구분코드,,N
NSKOR_PASG_MDFY_ITEM_CD,남북통행정정항목코드,,N
TPAY_XTNS_RCD,납기연장사유코드,,N
DMSC_CMDT_RLBR_MDFY_ITEM_CD,내국물품반출입정정항목코드,,N
ITX_TPCD,내국세구분코드,,N
RDTX_TX_TPCD,농특세과세구분코드,,N
CHPN_CHNG_RCD,담당자변경사유코드,,N
MG_ENTS_CHNG_RCD,담보업체변경사유코드,,N
MG_ENTS_CNCL_RCD,담보업체취소사유코드,,N
MG_OFR_RCD,담보제공사유코드,,N
MG_KCD,담보종류코드,,N
MG_KCD_01,담보종류코드_01,,N
CNTN_KCD,대륙종류코드,,N
TRGT_ENTS_TPCD,대상업체구분코드,,N
TRND_TPCD,동향구분코드,,N
TRND_PCD,동향유형코드,,N
NRCT_CMDT_KCD,마약물품종류코드,,N
NRCT_MDAC_ACTI_TPCD,마약약리작용구분코드,,N
NRCT_CNCM_PLC_CD,마약은닉장소코드,,N
NRCT_DRG_USG_TPCD,마약의약용도구분코드,,N
NRCT_DSCL_CRCM_TPCD,마약적발경위구분코드,,N
NRCT_DSCL_RELAPN_PRCS_STCD,마약적발관련자처리상태코드,,N
NRCT_DSCL_XTRN_ITT_CD,마약적발외부기관코드,,N
NRCT_ORGM_ROLE_CD,마약조직원역할코드,,N
NRCT_KCD,마약종류코드,,N
NRCT_CD,마약코드,,N
NRCT_INJC_MCD,마약투여방법코드,,N
NRCT_FORM_CD,마약형태코드,,N
ERSR_TPCD,말소구분코드,,N
CMDT_BRNG_TPCD,물품반입구분코드,,N
CMDT_USG_CD,물품용도코드,,N
CMDT_SBCN_ENTS_FLGH_BUSN_KCD,물품용역업체항공영업종류코드,,N
CMDT_SBCN_ENTS_SEA_BUSN_KCD,물품용역업체해상영업종류코드,,N
CMDT_DSCD_RCD,물품폐기사유코드,,N
NADTN_RCD,미가산사유코드,,N
SMGL_SRC_CD,밀수근원코드,,N
SMGL_DCLR_ACAP_MCD,밀수신고접수방법코드,,N
BRNG_PATH_CD,반입경로코드,,N
BRNG_PCD,반입유형코드,,N
RLSE_PRID_XTNS_TPCD,반출기간연장구분코드,,N
RLSE_RCD,반출사유코드,,N
RLSE_PCD,반출유형코드,,N
RLBR_FRCR_USG_TPCD,반출입외화용도구분코드,,N
DSLS_CSE_CD,발각원인코드,,N
INRG_CMDT_BRND_CD,범칙물품상표코드,,N
INRG_CMDT_PCD,범칙물품유형코드,,N
INRG_DTL_PATH_CD,범칙상세경로코드,,N
INRG_METH_CD,범칙수단코드,,N
CRIM_MTV_CD,범행동기코드,,N
LWOR_KCD,법령종류코드,,N
LWOR_CD,법령코드,,N
MOJ_EDCY_CITY_CD,법무부출입국도시코드,,N
LW_CDLN_TPCD,법조문구분코드,,N
MISR_TPCD,병역구분코드,,N
SNAR_TPCD,보세구역구분코드,,N
SNAR_RLBR_MDFY_ITEM_CD,보세구역반출입정정항목코드,,N
SNAR_RLBR_CARG_KCD,보세구역반출입화물종류코드,,N
BNBN_TRNP_INSC_TPCD,보세운송검사구분코드,,N
BNBN_TRNP_INSC_TRGT_TPCD,보세운송검사대상구분코드,,N
BNBN_TRNP_INSC_APNT_STCD,보세운송검사지정상태코드,,N
BNBN_TRNP_INSC_PRCS_STCD,보세운송검사처리상태코드,,N
BNBN_TRNP_APRE_RQST_MG_TPCD,보세운송승인신청담보구분코드,,N
BNBN_TRNP_APRE_RQST_RCD,보세운송승인신청사유코드,,N
RPR_WKNG_FORM_CD,보수작업형태코드,,N
RVSN_AUDT_OMIT_TPCD,보정심사생략구분코드,,N
RVSN_AUDT_HNWR_SELC_RCD,보정심사수작업선별사유코드,,N
RVSN_AUDT_PRCS_STCD,보정심사처리상태코드,,N
SELG_BRKD_CD,봉인내역코드,,N
SELG_APNT_BRKD_PRCS_STCD,봉인지정내역처리상태코드,,N
VAT_TX_TPCD,부가세과세구분코드,,N
ANAY_ITT_TPCD,분석기관구분코드,,N
DVDE_RLBR_TPCD,분할반출입구분코드,,N
DVDE_UNFC_RCD,분할통합사유코드,,N
DVDE_UNFC_RCD_01,분할통합사유코드_01,,N
DVDE_UNFC_RCD_02,분할통합사유코드_02,,N
DVDE_UNFC_RCD_03,분할통합사유코드_03,,N
AGTL_PCD,비위유형코드,,N
INCD_BSS_TPCD,사건근거구분코드,,N
INCD_BSS_TPCD_01,사건근거구분코드_01,,N
BSNS_TPCD,사업자구분코드,,N
BUSI_KCD,사업종류코드,,N
SITE_PCD,사이트유형코드,,N
BTAA_SELC_BASE_CD,사전세액심사선별기준코드,,N
AFFC_MT_MCD,사후관리방법코드,,N
AFFC_MT_NNOB_RCD,사후관리비대상사유코드,,N
AFFC_MT_TKAC_RSCD,사후관리조치결과코드,,N
AFFC_MT_TKAC_STCD,사후관리조치상태코드,,N
AFFC_MT_TKAC_STCD_01,사후관리조치상태코드_01,,N
AFFC_MT_CONC_DT_TPCD,사후관리종결일자구분코드,,N
AFFC_MT_CONC_DT_TPCD_01,사후관리종결일자구분코드_01,,N
AFFC_MT_CFRM_RSCD,사후관리확인결과코드,,N
AFFC_MT_CFRM_MCD,사후관리확인방법코드,,N
INES_CD,산업단지코드,,N
DFRN_BRKD_CD,상이내역코드,,N
BRND_CD,상표코드,,N
ISTM_SBMT_CHNG_RCD,서류제출변경사유코드,,N
SHAR_SUPL_LOAD_CMDT_TPCD,선기용품적재물품구분코드,,N
SHAR_SUPL_LOAD_CMDT_TPCD_01,선기용품적재물품구분코드_01,,N
SHAR_SUPL_LOAD_CMDT_TPCD_02,선기용품적재물품구분코드_02,,N
SHAR_SUPL_LOAD_CMDT_TPCD_03,선기용품적재물품구분코드_03,,N
SHIP_ALTG_CHK_RSCD,선박일제점검결과코드,,N
SHIP_KCD,선박종류코드,,N
SELC_INSC_KCD,선별검사종류코드,,N
SELC_RCD,선별사유코드,,N
SELC_KCD,선별종류코드,,N
CREW_TPCD,선원구분코드,,N
GNDR_CD,성별코드,,N
CSTM_TPCD,세관구분코드,,N
CSOR_CFRM_TRGT_LWOR_CD,세관장확인대상법령코드,,N
CSTM_DSPS_PCD,세관처분유형코드,,N
NTRV_VLTN_PCD,세외수입위반유형코드,,N
RQTY_CLCU_MCD,소요량산정방법코드,,N
RQTY_CLCU_MCD_01,소요량산정방법코드_01,,N
RQTY_CLCU_MCD_02,소요량산정방법코드_02,,N
BFAC_RLSE_APRE_RCD,수리전반출승인사유코드,,N
BFAC_RLSE_CNCL_RCD,수리전반출취소사유코드,,N
INVS_CMND_TPCD,수사지휘구분코드,,N
IMP_RJCT_RCD,수입각하사유코드,,N
IMP_DLNG_TPCD,수입거래구분코드,,N
IMP_INSC_RSCD,수입검사결과코드,,N
IMP_INSC_TPCD,수입검사구분코드,,N
IMP_INSC_CHNG_RCD,수입검사변경사유코드,,N
IMP_INSC_CHNG_RCD_01,수입검사변경사유코드_01,,N
IMP_INSC_CHNG_RCD_02,수입검사변경사유코드_02,,N
IMP_INSC_CHNG_RCD_03,수입검사변경사유코드_03,,N
IMP_INSC_CHNG_RCD_04,수입검사변경사유코드_04,,N
IMP_INSC_CHNG_RCD_05,수입검사변경사유코드_05,,N
IMP_INSC_CHNG_RCD_06,수입검사변경사유코드_06,,N
IMP_INSC_CHNG_CD,수입검사변경코드,,N
IMP_INSC_OMIT_RCD,수입검사생략사유코드,,N
IMP_IMPT_RCD,수입귀책사유코드,,N
IMP_SPLM_REQS_RCD,수입보완요구사유코드,,N
IMP_TMPR_CD,수입성질코드,,N
IMP_DCLR_TPCD,수입신고구분코드,,N
IMP_DCLR_MDFY_RCD,수입신고정정사유코드,,N
IMPPN_TPCD,수입자구분코드,,N
IMP_INTC_SELC_RCD,수입전산선별사유코드,,N
IMP_MDFY_ITEM_CD,수입정정항목코드,,N
IMP_COND_CHNG_TPCD,수입조건변경구분코드,,N
IMP_TKAC_MATR_CD,수입조치사항코드,,N
IMP_KCD,수입종류코드,,N
IMP_WTHD_RCD,수입취하사유코드,,N
IMP_CSCL_PLAN_CD,수입통관계획코드,,N
IMP_CSCL_UNDC_RCD,수입통관미결사유코드,,N
IMP_CSCL_PRCS_STCD,수입통관처리상태코드,,N
HNWR_SELC_RCD,수작업선별사유코드,,N
HNWR_RCVE_RGSR_RCD,수작업수납등록사유코드,,N
EXP_DLNG_TPCD,수출거래구분코드,,N
EXP_INSC_RSLT_TKAC_CD,수출검사결과조치코드,,N
EXP_INSC_RSCD,수출검사결과코드,,N
EXP_INSC_TPCD,수출검사구분코드,,N
EXP_INSC_CHNG_RCD,수출검사변경사유코드,,N
EXP_IMPT_RCD,수출귀책사유코드,,N
EXP_RETU_RCD,수출반송사유코드,,N
EXP_SPLM_REQS_RCD,수출보완요구사유코드,,N
EXP_TMPR_CD,수출성질코드,,N
EXP_DCLR_RJCT_RCD,수출신고각하사유코드,,N
EXP_DCLR_TPCD,수출신고구분코드,,N
EXP_DCLR_MDFY_RCD,수출신고정정사유코드,,N
EXP_DCLR_SBMT_ISTM_TPCD,수출신고제출서류구분코드,,N
EXP_DCLR_PRCS_STCD,수출신고처리상태코드,,N
EXP_DCLR_WTHD_RCD,수출신고취하사유코드,,N
EXP_DCLR_ITEM_CD,수출신고항목코드,,N
IMEX_DCLR_RJCT_RCD,수출입신고각하사유코드,,N
EXPPN_TPCD,수출자구분코드,,N
EXP_ACAP_RSLT_TPCD,수출접수결과구분코드,,N
EXP_KCD,수출종류코드,,N
EXP_FORM_TPCD,수출형태구분코드,,N
EXP_FORM_CD,수출형태코드,,N
DCLR_TPCD,신고구분코드,,N
DCLR_ENTS_PLS_RSTN_RCD,신고업체페이퍼리스제재사유코드,,N
RKE_TKAC_RSCD,신병조치결과코드,,N
RQST_MCD,신청방법코드,,N
APFM_PRCS_STCD,신청서처리상태코드,,N
APLC_TPCD,신청인구분코드,,N
AUDT_BSS_NO_TPCD,심사근거번호구분코드,,N
AUDT_OPIN_TPCD,심사의견구분코드,,N
AUDT_OPIN_TPCD_01,심사의견구분코드_01,,N
AUDT_OPIN_TPCD_02,심사의견구분코드_02,,N
CFSC_CMDT_DSPS_PCD,압수물품처분유형코드,,N
BSOP_TRTR_CD,업무영역코드,,N
ENTS_EV_GD_CD,업체평가등급코드,,N
PSPR_ISS_REGN_CD,여권발급지역코드,,N
TRVL_PUPS_CD,여행목적코드,,N
PSNR_HNWR_SELC_RCD,여행자수작업선별사유코드,,N
PSNR_LBCR_GD_CD,여행자우범등급코드,,N
REQ_APRE_ITT_CD,요건승인기관코드,,N
REQT_INFO_TRGT_TPCD,요청정보대상구분코드,,N
USG_TPCD,용도구분코드,,N
LBCR_GD_CD,우범등급코드,,N
LBCR_SITE_TRCN_SRC_TPCD,우범사이트추적근원구분코드,,N
LBCR_SITE_PRNM_CD,우범사이트품명코드,,N
PSMT_OTH_DSCD_RCD,우편물기타폐기사유코드,,N
PSMT_TXFR_RCD,우편물면세사유코드,,N
PSMT_RETU_RCD,우편물반송사유코드,,N
PSMT_KCD,우편물종류코드,,N
PSMT_KCD_01,우편물종류코드_01,,N
PSMT_CSCL_ATENT_CD,우편물통관유의코드,,N
PSMT_DSCD_RCD,우편물폐기사유코드,,N
TRNP_BUSI_KCD,운송사업종류코드,,N
TRNP_METH_PCD,운송수단유형코드,,N
TRNP_METH_HIRE_RQST_RCD,운송수단임차신청사유코드,,N
TRNP_CNTAI_TPCD,운송용기구분코드,,N
SLNG_PLAN_MDFY_RCD,운항계획정정사유코드,,N
ORCY_DTRM_BASE_CD,원산지결정기준코드,,N
ORCY_CRPP_EON_TPCD,원산지증명서유무구분코드,,N
ORCY_INDC_EXMP_RCD,원산지표시면제사유코드,,N
ORCY_INDC_MCD,원산지표시방법코드,,N
ORCY_INDC_EON_TPCD,원산지표시유무구분코드,,N
RWMS_TPCD,원재료구분코드,,N
VLTN_PCD,위반유형코드,,N
INJR_CMDT_RLBR_RCD,위해물품반출입사유코드,,N
INJR_CMDT_TKAC_RSCD,위해물품조치결과코드,,N
INJR_CMDT_KCD,위해물품종류코드,,N
CNCM_TCHN_CD,은닉수법코드,,N
DTY_FFMN_REQS_RCD,의무이행요구사유코드,,N
DTY_FFMN_REQS_RCD_01,의무이행요구사유코드_01,,N
IMGR_JOB_CD,이사자직업코드,,N
FNTR_CMVL_RSCD,이체대사결과코드,,N
DLCN_CD,인도조건코드,,N
CRTF_EXPPN_RTRN_CNCL_RCD,인증수출자반려취소사유코드,,N
CRTF_EXPPN_CRCT_RVSN_RCD,인증수출자시정보정사유코드,,N
ALTG_CHK_SLCN_RCD,일제점검선정사유코드,,N
IOPR_TPCD,입출항구분코드,,N
IOPR_ISTM_MDFY_ITEM_CD,입출항서류정정항목코드,,N
IOPR_MDFY_RCD,입출항정정사유코드,,N
IOPR_CARG_CD,입출항화물코드,,N
ETPR_PUPS_CD,입항목적코드,,N
ETPR_MNFS_MDFY_ITEM_CD,입항적하목록정정항목코드,,N
QLFC_CHG_MDFY_RCD,자격전환정정사유코드,,N
CRQL_KCD,자격증종류코드,,N
QLFC_ACQS_TPCD,자격취득구분코드,,N
CPTL_SRCE_TPCD,자금원천구분코드,,N
CAR_RGSR_ITT_CD,자동차등록기관코드,,N
CAR_BSOP_CD,자동차업무코드,,N
CAR_KCAR_CD,자동차차종코드,,N
DTA_OFR_REJC_CD,자료제공거부코드,,N
REEXP_FFMN_DTY_CONC_RCD,재수출이행의무종결사유코드,,N
DSCL_BSS_CD,적발근거코드,,N
DSCL_ITT_CD,적발기관코드,,N
DSCL_TECN_CD,적발기법코드,,N
DSCL_PRVS_CD,적발단서코드,,N
DSCL_PCD,적발유형코드,,N
DSCL_PCD_01,적발유형코드_01,,N
DSCL_PCD_02,적발유형코드_02,,N
DSCL_PLC_CD,적발장소코드,,N
DSCL_ITEM_CD,적발항목코드,,N
MNFS_NSBM_TKAC_MATR_CD,적하목록미제출조치사항코드,,N
MNFS_DFRN_BRKD_CD,적하목록상이내역코드,,N
MNFS_MDFY_RCD,적하목록정정사유코드,,N
CHK_TKAC_RSCD,점검조치결과코드,,N
INFO_ANAY_TRGT_PRLST_CD,정보분석대상품목코드,,N
INFO_ANAY_GD_CD,정보분석등급코드,,N
INFO_OBTN_TPCD,정보입수구분코드,,N
RSTN_PCD,제재유형코드,,N
INVG_TRGT_DCLR_NO_TPCD,조사대상신고번호구분코드,,N
INVG_TRGT_DCLR_NO_TPCD_01,조사대상신고번호구분코드_01,,N
INVG_TRGT_DCLR_NO_TPCD_02,조사대상신고번호구분코드_02,,N
INVG_TRGT_DCLR_NO_TPCD_03,조사대상신고번호구분코드_03,,N
INVG_TRGT_DCLR_NO_TPCD_04,조사대상신고번호구분코드_04,,N
INVG_TRGT_DCLR_NO_TPCD_05,조사대상신고번호구분코드_05,,N
INVG_TRGT_DCLR_NO_TPCD_06,조사대상신고번호구분코드_06,,N
INVG_TRGT_DCLR_NO_TPCD_07,조사대상신고번호구분코드_07,,N
INVG_TRGT_DCLR_NO_TPCD_08,조사대상신고번호구분코드_08,,N
INVG_TRGT_DCLR_NO_TPCD_09,조사대상신고번호구분코드_09,,N
INVG_TRGT_DCLR_NO_TPCD_10,조사대상신고번호구분코드_10,,N
INVG_TRGT_DCLR_NO_TPCD_11,조사대상신고번호구분코드_11,,N
INVG_TRGT_DCLR_NO_TPCD_12,조사대상신고번호구분코드_12,,N
INVG_TRGT_DCLR_NO_TPCD_13,조사대상신고번호구분코드_13,,N
INVG_TRGT_BSOP_TPCD,조사대상업무구분코드,,N
INVG_LN_TPCD,조사란구분코드,,N
INVG_EMP_EDCT_CD,조사직원교육코드,,N
INVG_EMP_SPCL_RLM_CD,조사직원전문분야코드,,N
INVG_RELE_RCD,조사해제사유코드,,N
ADDR_VRBL_RCD,주소변동사유코드,,N
WGHT_QTY_UT_CD,중량수량단위코드,,N
WGHT_QTY_UT_CD_01,중량수량단위코드_01,,N
IMPO_PRLST_CD,중요품목코드,,N
IMDT_RLSE_TRGT_PRLST_TPCD,즉시반출대상품목구분코드,,N
ACQU_RLCD,지인관계코드,,N
OFAT_EXCA_TRGT_ENTS_RCD,직권정산대상업체사유코드,,N
CLPS_CD,직급코드,,N
JBLN_CD,직렬코드,,N
DUTY_ASSN_TPCD,직무보조자구분코드,,N
JOB_CLSF_CD,직업분류코드,,N
JOB_CD,직업코드,,N
EMP_DSCP_KCD,직원징계종류코드,,N
OFPO_CD,직위코드,,N
OFPO_CD_01,직위코드_01,,N
COLT_FORM_CD,징수형태코드,,N
VHCL_CLR_CD,차량색상코드,,N
VHCL_USG_CD,차량용도코드,,N
DLPY_OCRN_RCD,체납발생사유코드,,N
OVGD_PBAC_GBOO_TPCD,체화공매불출구분코드,,N
OVGD_RELE_RCD,체화해제사유코드,,N
ADIT_ADCH_PAY_RCD,추가추징납부사유코드,,N
ADIT_DRWB_RCD,추가환급사유코드,,N
ADCH_NFCPN_DTL_RCD,추징고지상세사유코드,,N
ADCH_NFCPN_DTL_RCD_01,추징고지상세사유코드_01,,N
ADCH_NFCPN_DTL_RCD_02,추징고지상세사유코드_02,,N
ADCH_NFCPN_DTL_RCD_03,추징고지상세사유코드_03,,N
ADCH_NFCPN_DTL_RCD_04,추징고지상세사유코드_04,,N
ADCH_ITT_TPCD,추징기관구분코드,,N
ADCH_OCRN_CSE_TPCD,추징발생원인구분코드,,N
ADCH_RCD,추징사유코드,,N
TKOF_MNFS_MDFY_ITEM_CD,출항적하목록정정항목코드,,N
TKOF_MNFS_MDFY_ITEM_CD_01,출항적하목록정정항목코드_01,,N
TKOF_MNFS_MDFY_ITEM_CD_02,출항적하목록정정항목코드_02,,N
TKOF_MNFS_MDFY_ITEM_CD_03,출항적하목록정정항목코드_03,,N
TKOF_MNFS_MDFY_ITEM_CD_04,출항적하목록정정항목코드_04,,N
CNTR_DTCT_LOCT_CD,컨테이너검색기위치코드,,N
CNTR_LEN_CD,컨테이너길이코드,,N
CNTR_WIDT_HIGT_CD,컨테이너너비높이코드,,N
CNTR_KCD,컨테이너종류코드,,N
FSTA_SHIP_USG_KCD,통계용선박용도종류코드,,N
ECM_USE_STOP_RCD,통관고유부호사용정지사유코드,,N
ECM_USE_STOP_RELE_RCD,통관고유부호사용정지해제사유코드,,N
CSCL_LST_INSC_RSCD,통관목록검사결과코드,,N
CSCL_PSTP_RCD,통관보류사유코드,,N
CSCL_PSTP_TKAC_CD,통관보류조치코드,,N
CSCL_PSOF_CD,통관우체국코드,,N
CURR_CD,통화코드,TB_COM012M,Y
CLRV_RSCD,투시결과코드,,N
EV_TRGT_ENTS_INTP_CD,평가대상업체업종코드,,N
RWRD_KCD,포상종류코드,,N
PCK_KCD,포장종류코드,,N
SSPN_RLCD,피의자관계코드,,N
ULVS_CMDT_TPCD,하선물품구분코드,,N
ACAR_CD,학력코드,,N
KVN_FTA_QTY_UT_CD,한베트남FTA수량단위코드,,N
KVN_FTA_WGHT_UT_CD,한베트남FTA중량단위코드,,N
KVN_FTA_PCK_KCD,한베트남FTA포장종류코드,,N
KID_FTA_QTY_UT_CD,한인니FTA수량단위코드,,N
KID_FTA_WGHT_UT_CD,한인니FTA중량단위코드,,N
KID_FTA_PCK_KCD,한인니FTA포장종류코드,,N
AIR_QLFC_MDFY_CD,항공기자격정정코드,,N
AIR_KCD,항공기종류코드,,N
FLGH_ETPR_MDFY_ITEM_CD,항공입항정정항목코드,,N
VYG_TPCD,항해구분코드,,N
SEA_ETPR_MDFY_ITEM_CD,해상입항정정항목코드,,N
SEA_FLGH_TPCD,해상항공구분코드,,N
ADPN_PCD,행정제재유형코드,,N
PERM_ITT_TPCD,허가기관구분코드,,N
PERM_ACPT_TPCD,허가수리구분코드,,N
SPOT_TXFR_EXCU_CD,현장면세배제코드,,N
SSPT_TPCD,혐의자구분코드,,N
CNVN_TPCD,협정구분코드,,N
CNVN_TPCD_01,협정구분코드_01,,N
CNVN_TPCD_02,협정구분코드_02,,N
MRGE_RLCD,혼인관계코드,,N
CARG_INSC_TKAC_RSCD,화물검사조치결과코드,,N
CARG_TPCD,화물구분코드,,N
CARG_TPCD_01,화물구분코드_01,,N
CARG_TPCD_02,화물구분코드_02,,N
CARG_SELC_TPCD,화물선별구분코드,,N
CARG_CHRC_TPCD,화물특성구분코드,,N
CFRM_DSCL_CRCM_CD,확인적발경위코드,,N
DRWB_BSS_ISTM_TPCD,환급근거서류구분코드,,N
DRWB_TRGT_MDFY_WTHD_RCD,환급대상정정취하사유코드,,N
DRWB_TRGT_CFRM_APFM_DSMS_RCD,환급대상확인신청서기각사유코드,,N
DRWB_PSAD_OTST_TPCD,환급사후심사착수구분코드,,N
DRWB_PSAD_OTST_PLN_TPCD,환급사후심사착수방안구분코드,,N
DRWB_APLC_TPCD,환급신청인구분코드,,N
DRWB_DNDG_ITEM_TPCD,환급위험도항목구분코드,,N
DRWB_OCMT_ERR_CD,환급제증명오류코드,,N
DRWB_OCMT_ERR_CD_01,환급제증명오류코드_01,,N
DRWB_OCMT_ERR_CD_02,환급제증명오류코드_02,,N
DRWB_OCMT_ERR_CD_03,환급제증명오류코드_03,,N
DRWB_OCMT_ERR_CD_04,환급제증명오류코드_04,,N
DRWB_OCMT_ERR_CD_05,환급제증명오류코드_05,,N
DRWB_OCMT_ERR_CD_06,환급제증명오류코드_06,,N
DRWB_OCMT_ERR_CD_07,환급제증명오류코드_07,,N
DRWB_KCD,환급종류코드,,N
CO_TPCD,회사구분코드,,N
HNBG_PRC_EV_MCD,휴대품가격평가방법코드,,N
HNBG_INSC_RSCD,휴대품검사결과코드,,N
HNBG_INSC_RCD,휴대품검사사유코드,,N
HNBG_TXFR_CLSE_CD,휴대품면세조항코드,,N
HNBG_TXRT_APLY_TPCD,휴대품세율적용구분코드,,N
HNBG_PRNM_CD,휴대품품명코드,,N
CLSD_TPCD,휴무구분코드,,N
SSBS_QIBS_RCD,휴업폐업사유코드,,N
SSBS_QIBS_RCD_01,휴업폐업사유코드_01,,N
